filename,num_alpha_dihedrals,alpha_dihedral_score,num_beta_dihedrals,beta_dihedral_score,ranking_score,cluster_single,cluster_size_single,cluster_average,cluster_size_average,cluster_maximum,cluster_size_maximum,cluster_pairs_min,cluster_size_pairs_min,cluster_pairs_abs,cluster_size_pairs_abs
517ab11c2300ebd8e5e5b90b1d8ab044_b0.4/fold/517ab11c2300ebd8e5e5b90b1d8ab044_b0.4_significant_ECs_0.9_10_hMIN.pdb,215,134.6,0,0.0,0.6202764976958525,62,7,74,7,82,7,1,7,1,7
517ab11c2300ebd8e5e5b90b1d8ab044_b0.4/fold/517ab11c2300ebd8e5e5b90b1d8ab044_b0.4_significant_ECs_0.99_3_hMIN.pdb,215,125.80000000000001,0,0.0,0.5797235023041475,61,4,71,4,65,4,0,94,0,94
517ab11c2300ebd8e5e5b90b1d8ab044_b0.4/fold/517ab11c2300ebd8e5e5b90b1d8ab044_b0.4_significant_ECs_0.99_2_hMIN.pdb,215,124.19999999999999,0,0.0,0.5723502304147465,64,2,76,2,85,2,0,94,0,94
517ab11c2300ebd8e5e5b90b1d8ab044_b0.4/fold/517ab11c2300ebd8e5e5b90b1d8ab044_b0.4_significant_ECs_0.99_9_hMIN.pdb,215,122.39999999999999,0,0.0,0.5640552995391704,63,3,75,3,84,3,0,94,0,94
517ab11c2300ebd8e5e5b90b1d8ab044_b0.4/fold/517ab11c2300ebd8e5e5b90b1d8ab044_b0.4_significant_ECs_0.9_4_hMIN.pdb,215,119.2,0,0.0,0.5493087557603686,62,7,74,7,82,7,1,7,1,7
517ab11c2300ebd8e5e5b90b1d8ab044_b0.4/fold/517ab11c2300ebd8e5e5b90b1d8ab044_b0.4_significant_ECs_0.99_4_hMIN.pdb,215,113.8,0,0.0,0.5244239631336406,64,2,76,2,85,2,0,94,0,94
517ab11c2300ebd8e5e5b90b1d8ab044_b0.4/fold/517ab11c2300ebd8e5e5b90b1d8ab044_b0.4_significant_ECs_0.9_2_hMIN.pdb,215,112.40000000000002,0,0.0,0.5179723502304149,62,7,74,7,82,7,1,7,1,7
517ab11c2300ebd8e5e5b90b1d8ab044_b0.4/fold/517ab11c2300ebd8e5e5b90b1d8ab044_b0.4_significant_ECs_0.99_7_hMIN.pdb,215,112.4,0,0.0,0.5179723502304148,61,4,71,4,65,4,0,94,0,94
517ab11c2300ebd8e5e5b90b1d8ab044_b0.4/fold/517ab11c2300ebd8e5e5b90b1d8ab044_b0.4_significant_ECs_0.99_8_hMIN.pdb,215,107.8,0,0.0,0.4967741935483871,1,1,1,1,1,1,0,94,0,94
517ab11c2300ebd8e5e5b90b1d8ab044_b0.4/fold/517ab11c2300ebd8e5e5b90b1d8ab044_b0.4_significant_ECs_0.99_5_hMIN.pdb,215,106.8,0,0.0,0.49216589861751153,63,3,75,3,84,3,0,94,0,94
517ab11c2300ebd8e5e5b90b1d8ab044_b0.4/fold/517ab11c2300ebd8e5e5b90b1d8ab044_b0.4_significant_ECs_0.99_10_hMIN.pdb,215,106.6,0,0.0,0.4912442396313364,61,4,71,4,65,4,0,94,0,94
517ab11c2300ebd8e5e5b90b1d8ab044_b0.4/fold/517ab11c2300ebd8e5e5b90b1d8ab044_b0.4_significant_ECs_0.9_3_hMIN.pdb,215,106.0,0,0.0,0.48847926267281105,62,7,74,7,82,7,1,7,1,7
517ab11c2300ebd8e5e5b90b1d8ab044_b0.4/fold/517ab11c2300ebd8e5e5b90b1d8ab044_b0.4_significant_ECs_0.9_9_hMIN.pdb,215,105.8,0,0.0,0.4875576036866359,59,3,73,3,79,3,0,94,0,94
517ab11c2300ebd8e5e5b90b1d8ab044_b0.4/fold/517ab11c2300ebd8e5e5b90b1d8ab044_b0.4_significant_ECs_0.9_8_hMIN.pdb,215,104.79999999999998,0,0.0,0.4829493087557603,59,3,73,3,79,3,0,94,0,94
517ab11c2300ebd8e5e5b90b1d8ab044_b0.4/fold/517ab11c2300ebd8e5e5b90b1d8ab044_b0.4_significant_ECs_0.9_7_hMIN.pdb,215,101.60000000000001,0,0.0,0.46820276497695856,62,7,74,7,82,7,1,7,1,7
517ab11c2300ebd8e5e5b90b1d8ab044_b0.4/fold/517ab11c2300ebd8e5e5b90b1d8ab044_b0.4_significant_ECs_0.9_6_hMIN.pdb,215,101.2,0,0.0,0.4663594470046083,62,7,74,7,82,7,1,7,1,7
517ab11c2300ebd8e5e5b90b1d8ab044_b0.4/fold/517ab11c2300ebd8e5e5b90b1d8ab044_b0.4_110_7_hMIN.pdb,215,100.8,0,0.0,0.46451612903225803,50,3,72,2,80,2,0,94,0,94
517ab11c2300ebd8e5e5b90b1d8ab044_b0.4/fold/517ab11c2300ebd8e5e5b90b1d8ab044_b0.4_significant_ECs_0.99_6_hMIN.pdb,215,100.60000000000001,0,0.0,0.463594470046083,63,3,75,3,84,3,0,94,0,94
517ab11c2300ebd8e5e5b90b1d8ab044_b0.4/fold/517ab11c2300ebd8e5e5b90b1d8ab044_b0.4_110_9_hMIN.pdb,215,97.0,0,0.0,0.4470046082949309,55,6,66,5,61,4,3,6,3,6
517ab11c2300ebd8e5e5b90b1d8ab044_b0.4/fold/517ab11c2300ebd8e5e5b90b1d8ab044_b0.4_221_9_hMIN.pdb,215,93.39999999999999,0,0.0,0.43041474654377876,42,10,61,5,75,3,0,94,0,94
517ab11c2300ebd8e5e5b90b1d8ab044_b0.4/fold/517ab11c2300ebd8e5e5b90b1d8ab044_b0.4_110_10_hMIN.pdb,215,93.0,0,0.0,0.42857142857142855,55,6,66,5,61,4,3,6,3,6
517ab11c2300ebd8e5e5b90b1d8ab044_b0.4/fold/517ab11c2300ebd8e5e5b90b1d8ab044_b0.4_147_5_hMIN.pdb,215,92.60000000000002,0,0.0,0.42672811059907845,53,7,49,7,59,5,2,7,2,7
517ab11c2300ebd8e5e5b90b1d8ab044_b0.4/fold/517ab11c2300ebd8e5e5b90b1d8ab044_b0.4_147_4_hMIN.pdb,215,91.4,0,0.0,0.4211981566820277,52,3,55,3,53,1,0,94,0,94
517ab11c2300ebd8e5e5b90b1d8ab044_b0.4/fold/517ab11c2300ebd8e5e5b90b1d8ab044_b0.4_110_4_hMIN.pdb,215,90.8,0,0.0,0.4184331797235023,55,6,66,5,74,2,3,6,3,6
517ab11c2300ebd8e5e5b90b1d8ab044_b0.4/fold/517ab11c2300ebd8e5e5b90b1d8ab044_b0.4_significant_ECs_0.9_5_hMIN.pdb,215,89.80000000000001,0,0.0,0.4138248847926268,62,7,74,7,82,7,1,7,1,7
517ab11c2300ebd8e5e5b90b1d8ab044_b0.4/fold/517ab11c2300ebd8e5e5b90b1d8ab044_b0.4_110_8_hMIN.pdb,215,89.6,0,0.0,0.4129032258064516,31,1,43,1,45,1,0,94,0,94
517ab11c2300ebd8e5e5b90b1d8ab044_b0.4/fold/517ab11c2300ebd8e5e5b90b1d8ab044_b0.4_110_2_hMIN.pdb,215,85.80000000000001,0,0.0,0.39539170506912447,55,6,66,5,61,4,3,6,3,6
517ab11c2300ebd8e5e5b90b1d8ab044_b0.4/fold/517ab11c2300ebd8e5e5b90b1d8ab044_b0.4_147_2_hMIN.pdb,215,85.39999999999999,0,0.0,0.39354838709677414,53,7,49,7,59,5,2,7,2,7
517ab11c2300ebd8e5e5b90b1d8ab044_b0.4/fold/517ab11c2300ebd8e5e5b90b1d8ab044_b0.4_184_5_hMIN.pdb,215,82.6,0,0.0,0.38064516129032255,3,1,3,1,3,1,0,94,0,94
517ab11c2300ebd8e5e5b90b1d8ab044_b0.4/fold/517ab11c2300ebd8e5e5b90b1d8ab044_b0.4_110_5_hMIN.pdb,215,82.20000000000002,0,0.0,0.37880184331797245,50,3,28,1,19,1,0,94,0,94
517ab11c2300ebd8e5e5b90b1d8ab044_b0.4/fold/517ab11c2300ebd8e5e5b90b1d8ab044_b0.4_184_8_hMIN.pdb,215,81.0,0,0.0,0.37327188940092165,57,5,68,5,77,2,5,5,5,5
517ab11c2300ebd8e5e5b90b1d8ab044_b0.4/fold/517ab11c2300ebd8e5e5b90b1d8ab044_b0.4_147_3_hMIN.pdb,215,79.80000000000001,0,0.0,0.367741935483871,53,7,49,7,46,1,2,7,2,7
517ab11c2300ebd8e5e5b90b1d8ab044_b0.4/fold/517ab11c2300ebd8e5e5b90b1d8ab044_b0.4_221_6_hMIN.pdb,215,77.2,0,0.0,0.3557603686635945,42,10,61,5,75,3,4,6,4,6
517ab11c2300ebd8e5e5b90b1d8ab044_b0.4/fold/517ab11c2300ebd8e5e5b90b1d8ab044_b0.4_184_2_hMIN.pdb,215,75.39999999999999,0,0.0,0.3474654377880184,57,5,68,5,83,3,5,5,5,5
517ab11c2300ebd8e5e5b90b1d8ab044_b0.4/fold/517ab11c2300ebd8e5e5b90b1d8ab044_b0.4_147_6_hMIN.pdb,215,73.6,0,0.0,0.3391705069124424,52,3,55,3,68,2,0,94,0,94
517ab11c2300ebd8e5e5b90b1d8ab044_b0.4/fold/517ab11c2300ebd8e5e5b90b1d8ab044_b0.4_147_7_hMIN.pdb,215,72.60000000000001,0,0.0,0.3345622119815669,53,7,49,7,59,5,2,7,2,7
517ab11c2300ebd8e5e5b90b1d8ab044_b0.4/fold/517ab11c2300ebd8e5e5b90b1d8ab044_b0.4_110_3_hMIN.pdb,215,72.00000000000001,0,0.0,0.33179723502304154,50,3,72,2,80,2,0,94,0,94
517ab11c2300ebd8e5e5b90b1d8ab044_b0.4/fold/517ab11c2300ebd8e5e5b90b1d8ab044_b0.4_258_6_hMIN.pdb,215,71.60000000000001,0,0.0,0.32995391705069127,42,10,34,1,29,1,4,6,4,6
517ab11c2300ebd8e5e5b90b1d8ab044_b0.4/fold/517ab11c2300ebd8e5e5b90b1d8ab044_b0.4_184_4_hMIN.pdb,215,71.4,0,0.0,0.32903225806451614,57,5,68,5,83,3,5,5,5,5
517ab11c2300ebd8e5e5b90b1d8ab044_b0.4/fold/517ab11c2300ebd8e5e5b90b1d8ab044_b0.4_258_7_hMIN.pdb,215,71.20000000000002,0,0.0,0.3281105990783411,42,10,54,4,72,3,4,6,4,6
517ab11c2300ebd8e5e5b90b1d8ab044_b0.4/fold/517ab11c2300ebd8e5e5b90b1d8ab044_b0.4_147_9_hMIN.pdb,215,71.0,0,0.0,0.3271889400921659,53,7,49,7,59,5,2,7,2,7
517ab11c2300ebd8e5e5b90b1d8ab044_b0.4/fold/517ab11c2300ebd8e5e5b90b1d8ab044_b0.4_184_3_hMIN.pdb,215,70.8,0,0.0,0.3262672811059908,58,4,64,4,70,3,0,94,0,94
517ab11c2300ebd8e5e5b90b1d8ab044_b0.4/fold/517ab11c2300ebd8e5e5b90b1d8ab044_b0.4_258_9_hMIN.pdb,215,70.6,0,0.0,0.32534562211981566,56,4,57,4,64,2,0,94,0,94
517ab11c2300ebd8e5e5b90b1d8ab044_b0.4/fold/517ab11c2300ebd8e5e5b90b1d8ab044_b0.4_147_10_hMIN.pdb,215,70.0,0,0.0,0.3225806451612903,53,7,49,7,59,5,2,7,2,7
517ab11c2300ebd8e5e5b90b1d8ab044_b0.4/fold/517ab11c2300ebd8e5e5b90b1d8ab044_b0.4_258_5_hMIN.pdb,215,69.2,0,0.0,0.3188940092165899,42,10,54,4,72,3,4,6,4,6
517ab11c2300ebd8e5e5b90b1d8ab044_b0.4/fold/517ab11c2300ebd8e5e5b90b1d8ab044_b0.4_184_7_hMIN.pdb,215,68.80000000000001,0,0.0,0.3170506912442397,58,4,64,4,70,3,0,94,0,94
517ab11c2300ebd8e5e5b90b1d8ab044_b0.4/fold/517ab11c2300ebd8e5e5b90b1d8ab044_b0.4_369_6_hMIN.pdb,215,68.8,0,0.0,0.3170506912442396,39,1,38,1,39,1,0,94,0,94
517ab11c2300ebd8e5e5b90b1d8ab044_b0.4/fold/517ab11c2300ebd8e5e5b90b1d8ab044_b0.4_184_6_hMIN.pdb,215,68.6,0,0.0,0.3161290322580645,57,5,68,5,77,2,5,5,5,5
517ab11c2300ebd8e5e5b90b1d8ab044_b0.4/fold/517ab11c2300ebd8e5e5b90b1d8ab044_b0.4_221_3_hMIN.pdb,215,68.4,0,0.0,0.3152073732718894,42,10,61,5,81,2,0,94,0,94
517ab11c2300ebd8e5e5b90b1d8ab044_b0.4/fold/517ab11c2300ebd8e5e5b90b1d8ab044_b0.4_443_7_hMIN.pdb,215,67.8,0,0.0,0.31244239631336407,43,10,70,3,76,3,7,5,7,5
517ab11c2300ebd8e5e5b90b1d8ab044_b0.4/fold/517ab11c2300ebd8e5e5b90b1d8ab044_b0.4_significant_ECs_0.99_1_hMIN.pdb,215,67.6,0,0.0,0.31152073732718893,61,4,71,4,65,4,0,94,0,94
517ab11c2300ebd8e5e5b90b1d8ab044_b0.4/fold/517ab11c2300ebd8e5e5b90b1d8ab044_b0.4_295_10_hMIN.pdb,215,66.60000000000001,0,0.0,0.3069124423963134,60,4,67,4,54,4,0,94,0,94
517ab11c2300ebd8e5e5b90b1d8ab044_b0.4/fold/517ab11c2300ebd8e5e5b90b1d8ab044_b0.4_221_2_hMIN.pdb,215,66.0,0,0.0,0.30414746543778803,16,1,24,1,20,1,0,94,0,94
517ab11c2300ebd8e5e5b90b1d8ab044_b0.4/fold/517ab11c2300ebd8e5e5b90b1d8ab044_b0.4_295_6_hMIN.pdb,215,65.6,0,0.0,0.30230414746543777,60,4,67,4,54,4,0,94,0,94
517ab11c2300ebd8e5e5b90b1d8ab044_b0.4/fold/517ab11c2300ebd8e5e5b90b1d8ab044_b0.4_110_6_hMIN.pdb,215,65.4,0,0.0,0.3013824884792627,55,6,66,5,61,4,3,6,3,6
517ab11c2300ebd8e5e5b90b1d8ab044_b0.4/fold/517ab11c2300ebd8e5e5b90b1d8ab044_b0.4_332_4_hMIN.pdb,215,65.2,0,0.0,0.30046082949308756,46,4,53,2,57,2,0,94,0,94
517ab11c2300ebd8e5e5b90b1d8ab044_b0.4/fold/517ab11c2300ebd8e5e5b90b1d8ab044_b0.4_258_10_hMIN.pdb,215,65.0,0,0.0,0.2995391705069124,42,10,54,4,52,1,4,6,4,6
517ab11c2300ebd8e5e5b90b1d8ab044_b0.4/fold/517ab11c2300ebd8e5e5b90b1d8ab044_b0.4_295_5_hMIN.pdb,215,64.8,0,0.0,0.2986175115207373,38,1,32,1,27,1,0,94,0,94
517ab11c2300ebd8e5e5b90b1d8ab044_b0.4/fold/517ab11c2300ebd8e5e5b90b1d8ab044_b0.4_406_5_hMIN.pdb,215,64.6,0,0.0,0.2976958525345622,49,8,50,4,73,3,6,5,6,5
517ab11c2300ebd8e5e5b90b1d8ab044_b0.4/fold/517ab11c2300ebd8e5e5b90b1d8ab044_b0.4_147_8_hMIN.pdb,215,64.6,0,0.0,0.2976958525345622,52,3,55,3,68,2,0,94,0,94
517ab11c2300ebd8e5e5b90b1d8ab044_b0.4/fold/517ab11c2300ebd8e5e5b90b1d8ab044_b0.4_184_10_hMIN.pdb,215,64.2,0,0.0,0.295852534562212,58,4,64,4,70,3,0,94,0,94
517ab11c2300ebd8e5e5b90b1d8ab044_b0.4/fold/517ab11c2300ebd8e5e5b90b1d8ab044_b0.4_480_6_hMIN.pdb,215,63.6,0,0.0,0.29308755760368665,43,10,63,2,67,2,8,5,8,5
517ab11c2300ebd8e5e5b90b1d8ab044_b0.4/fold/517ab11c2300ebd8e5e5b90b1d8ab044_b0.4_258_4_hMIN.pdb,215,63.400000000000006,0,0.0,0.2921658986175115,56,4,57,4,78,2,0,94,0,94
517ab11c2300ebd8e5e5b90b1d8ab044_b0.4/fold/517ab11c2300ebd8e5e5b90b1d8ab044_b0.4_221_8_hMIN.pdb,215,61.800000000000004,1,0.0,0.2847926267281106,42,10,61,5,81,2,0,94,0,94
517ab11c2300ebd8e5e5b90b1d8ab044_b0.4/fold/517ab11c2300ebd8e5e5b90b1d8ab044_b0.4_184_9_hMIN.pdb,215,61.8,0,0.0,0.28479262672811057,58,4,64,4,40,1,0,94,0,94
517ab11c2300ebd8e5e5b90b1d8ab044_b0.4/fold/517ab11c2300ebd8e5e5b90b1d8ab044_b0.4_406_4_hMIN.pdb,215,61.60000000000001,0,0.0,0.28387096774193554,49,8,50,4,73,3,6,5,6,5
517ab11c2300ebd8e5e5b90b1d8ab044_b0.4/fold/517ab11c2300ebd8e5e5b90b1d8ab044_b0.4_258_8_hMIN.pdb,215,61.4,0,0.0,0.28294930875576035,56,4,57,4,64,2,0,94,0,94
517ab11c2300ebd8e5e5b90b1d8ab044_b0.4/fold/517ab11c2300ebd8e5e5b90b1d8ab044_b0.4_332_2_hMIN.pdb,215,61.2,0,0.0,0.2820276497695853,34,1,47,1,50,1,0,94,0,94
517ab11c2300ebd8e5e5b90b1d8ab044_b0.4/fold/517ab11c2300ebd8e5e5b90b1d8ab044_b0.4_221_4_hMIN.pdb,215,60.600000000000016,0,0.0,0.27926267281106,14,1,25,1,26,1,0,94,0,94
517ab11c2300ebd8e5e5b90b1d8ab044_b0.4/fold/517ab11c2300ebd8e5e5b90b1d8ab044_b0.4_369_5_hMIN.pdb,215,60.4,0,0.0,0.2783410138248848,23,1,37,1,38,1,0,94,0,94
517ab11c2300ebd8e5e5b90b1d8ab044_b0.4/fold/517ab11c2300ebd8e5e5b90b1d8ab044_b0.4_221_7_hMIN.pdb,215,60.400000000000006,1,0.0,0.2783410138248848,22,1,26,1,35,1,0,94,0,94
517ab11c2300ebd8e5e5b90b1d8ab044_b0.4/fold/517ab11c2300ebd8e5e5b90b1d8ab044_b0.4_517_9_hMIN.pdb,215,59.8,0,0.0,0.27557603686635945,43,10,69,2,71,2,8,5,8,5
517ab11c2300ebd8e5e5b90b1d8ab044_b0.4/fold/517ab11c2300ebd8e5e5b90b1d8ab044_b0.4_221_5_hMIN.pdb,215,59.60000000000001,2,0.0,0.2746543778801844,37,1,33,1,34,1,0,94,0,94
517ab11c2300ebd8e5e5b90b1d8ab044_b0.4/fold/517ab11c2300ebd8e5e5b90b1d8ab044_b0.4_332_8_hMIN.pdb,215,59.4,0,0.0,0.2737327188940092,46,4,58,2,60,2,0,94,0,94
517ab11c2300ebd8e5e5b90b1d8ab044_b0.4/fold/517ab11c2300ebd8e5e5b90b1d8ab044_b0.4_443_2_hMIN.pdb,215,59.0,0,0.0,0.271889400921659,43,10,45,1,48,1,7,5,7,5
517ab11c2300ebd8e5e5b90b1d8ab044_b0.4/fold/517ab11c2300ebd8e5e5b90b1d8ab044_b0.4_295_4_hMIN.pdb,215,58.8,0,0.0,0.27096774193548384,60,4,67,4,54,4,0,94,0,94
517ab11c2300ebd8e5e5b90b1d8ab044_b0.4/fold/517ab11c2300ebd8e5e5b90b1d8ab044_b0.4_369_9_hMIN.pdb,215,58.4,0,0.0,0.26912442396313363,20,1,30,1,32,1,0,94,0,94
517ab11c2300ebd8e5e5b90b1d8ab044_b0.4/fold/517ab11c2300ebd8e5e5b90b1d8ab044_b0.4_258_3_hMIN.pdb,215,58.20000000000001,0,0.0,0.26820276497695855,42,10,54,4,72,3,4,6,4,6
517ab11c2300ebd8e5e5b90b1d8ab044_b0.4/fold/517ab11c2300ebd8e5e5b90b1d8ab044_b0.4_221_10_hMIN.pdb,215,58.20000000000001,2,0.0,0.26820276497695855,42,10,61,5,75,3,0,94,0,94
517ab11c2300ebd8e5e5b90b1d8ab044_b0.4/fold/517ab11c2300ebd8e5e5b90b1d8ab044_b0.4_369_2_hMIN.pdb,215,58.0,0,0.0,0.2672811059907834,18,1,27,1,30,1,0,94,0,94
517ab11c2300ebd8e5e5b90b1d8ab044_b0.4/fold/517ab11c2300ebd8e5e5b90b1d8ab044_b0.4_369_4_hMIN.pdb,215,57.800000000000004,0,0.0,0.26635944700460834,19,1,29,1,33,1,0,94,0,94
517ab11c2300ebd8e5e5b90b1d8ab044_b0.4/fold/517ab11c2300ebd8e5e5b90b1d8ab044_b0.4_406_7_hMIN.pdb,215,57.8,0,0.0,0.2663594470046083,24,1,40,1,42,1,0,94,0,94
517ab11c2300ebd8e5e5b90b1d8ab044_b0.4/fold/517ab11c2300ebd8e5e5b90b1d8ab044_b0.4_443_8_hMIN.pdb,215,57.39999999999999,0,0.0,0.264516129032258,43,10,70,3,76,3,7,5,7,5
517ab11c2300ebd8e5e5b90b1d8ab044_b0.4/fold/517ab11c2300ebd8e5e5b90b1d8ab044_b0.4_406_8_hMIN.pdb,215,57.199999999999996,0,0.0,0.26359447004608294,51,2,62,2,66,2,0,94,0,94
517ab11c2300ebd8e5e5b90b1d8ab044_b0.4/fold/517ab11c2300ebd8e5e5b90b1d8ab044_b0.4_258_2_hMIN.pdb,215,56.99999999999999,0,0.0,0.2626728110599078,56,4,57,4,78,2,0,94,0,94
517ab11c2300ebd8e5e5b90b1d8ab044_b0.4/fold/517ab11c2300ebd8e5e5b90b1d8ab044_b0.4_332_10_hMIN.pdb,215,57.0,0,0.0,0.2626728110599078,35,1,48,1,51,1,0,94,0,94
517ab11c2300ebd8e5e5b90b1d8ab044_b0.4/fold/517ab11c2300ebd8e5e5b90b1d8ab044_b0.4_332_3_hMIN.pdb,215,57.0,0,0.0,0.2626728110599078,2,1,2,1,2,1,0,94,0,94
517ab11c2300ebd8e5e5b90b1d8ab044_b0.4/fold/517ab11c2300ebd8e5e5b90b1d8ab044_b0.4_369_10_hMIN.pdb,215,56.60000000000001,0,0.0,0.26082949308755765,49,8,60,3,63,3,0,94,0,94
517ab11c2300ebd8e5e5b90b1d8ab044_b0.4/fold/517ab11c2300ebd8e5e5b90b1d8ab044_b0.4_295_9_hMIN.pdb,215,56.599999999999994,0,0.0,0.2608294930875576,32,1,23,1,21,1,0,94,0,94
517ab11c2300ebd8e5e5b90b1d8ab044_b0.4/fold/517ab11c2300ebd8e5e5b90b1d8ab044_b0.4_406_3_hMIN.pdb,215,56.39999999999999,0,0.0,0.25990783410138246,49,8,50,4,36,1,6,5,6,5
517ab11c2300ebd8e5e5b90b1d8ab044_b0.4/fold/517ab11c2300ebd8e5e5b90b1d8ab044_b0.4_295_7_hMIN.pdb,215,56.2,0,0.0,0.2589861751152074,45,2,52,2,56,2,0,94,0,94
517ab11c2300ebd8e5e5b90b1d8ab044_b0.4/fold/517ab11c2300ebd8e5e5b90b1d8ab044_b0.4_443_3_hMIN.pdb,215,56.00000000000001,0,0.0,0.2580645161290323,33,1,46,1,49,1,0,94,0,94
517ab11c2300ebd8e5e5b90b1d8ab044_b0.4/fold/517ab11c2300ebd8e5e5b90b1d8ab044_b0.4_295_8_hMIN.pdb,215,55.8,0,0.0,0.2571428571428571,60,4,67,4,54,4,0,94,0,94
517ab11c2300ebd8e5e5b90b1d8ab044_b0.4/fold/517ab11c2300ebd8e5e5b90b1d8ab044_b0.4_443_10_hMIN.pdb,215,55.4,0,0.0,0.2552995391705069,44,2,51,2,55,2,0,94,0,94
517ab11c2300ebd8e5e5b90b1d8ab044_b0.4/fold/517ab11c2300ebd8e5e5b90b1d8ab044_b0.4_480_10_hMIN.pdb,215,54.800000000000004,0,0.0,0.25253456221198156,44,2,51,2,55,2,0,94,0,94
517ab11c2300ebd8e5e5b90b1d8ab044_b0.4/fold/517ab11c2300ebd8e5e5b90b1d8ab044_b0.4_406_6_hMIN.pdb,215,54.79999999999999,0,0.0,0.2525345622119815,49,8,50,4,73,3,6,5,6,5
517ab11c2300ebd8e5e5b90b1d8ab044_b0.4/fold/517ab11c2300ebd8e5e5b90b1d8ab044_b0.4_480_7_hMIN.pdb,215,54.6,0,0.0,0.2516129032258065,29,1,31,1,28,1,0,94,0,94
517ab11c2300ebd8e5e5b90b1d8ab044_b0.4/fold/517ab11c2300ebd8e5e5b90b1d8ab044_b0.4_406_10_hMIN.pdb,215,54.20000000000001,0,0.0,0.24976958525345627,51,2,62,2,66,2,0,94,0,94
517ab11c2300ebd8e5e5b90b1d8ab044_b0.4/fold/517ab11c2300ebd8e5e5b90b1d8ab044_b0.4_110_1_hMIN.pdb,215,53.8,0,0.0,0.24792626728110598,55,6,44,1,74,2,3,6,3,6
517ab11c2300ebd8e5e5b90b1d8ab044_b0.4/fold/517ab11c2300ebd8e5e5b90b1d8ab044_b0.4_406_1_hMIN.pdb,215,53.8,0,0.0,0.24792626728110598,49,8,35,1,18,1,6,5,6,5
517ab11c2300ebd8e5e5b90b1d8ab044_b0.4/fold/517ab11c2300ebd8e5e5b90b1d8ab044_b0.4_295_3_hMIN.pdb,215,53.6,0,0.0,0.24700460829493087,45,2,52,2,56,2,0,94,0,94
517ab11c2300ebd8e5e5b90b1d8ab044_b0.4/fold/517ab11c2300ebd8e5e5b90b1d8ab044_b0.4_369_8_hMIN.pdb,215,53.4,0,0.0,0.24608294930875577,49,8,60,3,63,3,0,94,0,94
517ab11c2300ebd8e5e5b90b1d8ab044_b0.4/fold/517ab11c2300ebd8e5e5b90b1d8ab044_b0.4_369_3_hMIN.pdb,215,53.4,0,0.0,0.24608294930875577,47,2,56,2,58,2,0,94,0,94
517ab11c2300ebd8e5e5b90b1d8ab044_b0.4/fold/517ab11c2300ebd8e5e5b90b1d8ab044_b0.4_332_7_hMIN.pdb,215,53.39999999999999,0,0.0,0.2460829493087557,40,1,20,1,16,1,0,94,0,94
517ab11c2300ebd8e5e5b90b1d8ab044_b0.4/fold/517ab11c2300ebd8e5e5b90b1d8ab044_b0.4_332_6_hMIN.pdb,215,53.2,0,0.0,0.24516129032258066,17,1,21,1,17,1,0,94,0,94
517ab11c2300ebd8e5e5b90b1d8ab044_b0.4/fold/517ab11c2300ebd8e5e5b90b1d8ab044_b0.4_517_4_hMIN.pdb,215,53.00000000000001,0,0.0,0.24423963133640555,43,10,18,1,24,1,8,5,8,5
517ab11c2300ebd8e5e5b90b1d8ab044_b0.4/fold/517ab11c2300ebd8e5e5b90b1d8ab044_b0.4_406_9_hMIN.pdb,215,53.0,0,0.0,0.24423963133640553,28,1,39,1,41,1,0,94,0,94
517ab11c2300ebd8e5e5b90b1d8ab044_b0.4/fold/517ab11c2300ebd8e5e5b90b1d8ab044_b0.4_significant_ECs_0.9_1_hMIN.pdb,215,52.6,0,0.0,0.24239631336405532,59,3,73,3,79,3,0,94,0,94
517ab11c2300ebd8e5e5b90b1d8ab044_b0.4/fold/517ab11c2300ebd8e5e5b90b1d8ab044_b0.4_369_1_hMIN.pdb,215,51.99999999999999,0,0.0,0.23963133640552992,47,2,56,2,58,2,0,94,0,94
517ab11c2300ebd8e5e5b90b1d8ab044_b0.4/fold/517ab11c2300ebd8e5e5b90b1d8ab044_b0.4_480_4_hMIN.pdb,215,51.2,0,0.0,0.2359447004608295,54,2,65,2,69,2,0,94,0,94
517ab11c2300ebd8e5e5b90b1d8ab044_b0.4/fold/517ab11c2300ebd8e5e5b90b1d8ab044_b0.4_369_7_hMIN.pdb,215,50.800000000000004,0,0.0,0.23410138248847928,49,8,60,3,63,3,0,94,0,94
517ab11c2300ebd8e5e5b90b1d8ab044_b0.4/fold/517ab11c2300ebd8e5e5b90b1d8ab044_b0.4_295_2_hMIN.pdb,215,50.2,0,0.0,0.23133640552995394,12,1,14,1,22,1,0,94,0,94
517ab11c2300ebd8e5e5b90b1d8ab044_b0.4/fold/517ab11c2300ebd8e5e5b90b1d8ab044_b0.4_332_5_hMIN.pdb,215,50.0,0,0.0,0.2304147465437788,46,4,53,2,57,2,0,94,0,94
517ab11c2300ebd8e5e5b90b1d8ab044_b0.4/fold/517ab11c2300ebd8e5e5b90b1d8ab044_b0.4_147_1_hMIN.pdb,215,49.2,0,0.0,0.22672811059907835,53,7,49,7,47,1,2,7,2,7
517ab11c2300ebd8e5e5b90b1d8ab044_b0.4/fold/517ab11c2300ebd8e5e5b90b1d8ab044_b0.4_258_1_hMIN.pdb,215,49.199999999999996,0,0.0,0.22672811059907833,13,1,12,1,12,1,0,94,0,94
517ab11c2300ebd8e5e5b90b1d8ab044_b0.4/fold/517ab11c2300ebd8e5e5b90b1d8ab044_b0.4_443_9_hMIN.pdb,215,48.800000000000004,0,0.0,0.22488479262672814,43,10,70,3,76,3,7,5,7,5
517ab11c2300ebd8e5e5b90b1d8ab044_b0.4/fold/517ab11c2300ebd8e5e5b90b1d8ab044_b0.4_406_2_hMIN.pdb,215,47.6,0,0.0,0.21935483870967742,15,1,17,1,31,1,0,94,0,94
517ab11c2300ebd8e5e5b90b1d8ab044_b0.4/fold/517ab11c2300ebd8e5e5b90b1d8ab044_b0.4_480_2_hMIN.pdb,215,47.4,0,0.0,0.2184331797235023,43,10,63,2,67,2,7,5,7,5
517ab11c2300ebd8e5e5b90b1d8ab044_b0.4/fold/517ab11c2300ebd8e5e5b90b1d8ab044_b0.4_517_2_hMIN.pdb,215,47.2,0,0.0,0.2175115207373272,9,1,4,1,4,1,0,94,0,94
517ab11c2300ebd8e5e5b90b1d8ab044_b0.4/fold/517ab11c2300ebd8e5e5b90b1d8ab044_b0.4_443_5_hMIN.pdb,215,47.0,0,0.0,0.21658986175115208,25,1,36,1,37,1,0,94,0,94
517ab11c2300ebd8e5e5b90b1d8ab044_b0.4/fold/517ab11c2300ebd8e5e5b90b1d8ab044_b0.4_221_1_hMIN.pdb,215,46.599999999999994,0,0.0,0.2147465437788018,30,1,22,1,11,1,0,94,0,94
517ab11c2300ebd8e5e5b90b1d8ab044_b0.4/fold/517ab11c2300ebd8e5e5b90b1d8ab044_b0.4_184_1_hMIN.pdb,215,46.199999999999996,0,0.0,0.2129032258064516,57,5,68,5,83,3,5,5,5,5
517ab11c2300ebd8e5e5b90b1d8ab044_b0.4/fold/517ab11c2300ebd8e5e5b90b1d8ab044_b0.4_480_8_hMIN.pdb,215,45.800000000000004,0,0.0,0.2110599078341014,41,1,16,1,23,1,0,94,0,94
517ab11c2300ebd8e5e5b90b1d8ab044_b0.4/fold/517ab11c2300ebd8e5e5b90b1d8ab044_b0.4_480_5_hMIN.pdb,215,45.599999999999994,0,0.0,0.21013824884792623,26,1,41,1,43,1,0,94,0,94
517ab11c2300ebd8e5e5b90b1d8ab044_b0.4/fold/517ab11c2300ebd8e5e5b90b1d8ab044_b0.4_517_6_hMIN.pdb,215,44.4,0,0.0,0.20460829493087557,43,10,69,2,71,2,8,5,8,5
517ab11c2300ebd8e5e5b90b1d8ab044_b0.4/fold/517ab11c2300ebd8e5e5b90b1d8ab044_b0.4_332_9_hMIN.pdb,215,44.199999999999996,0,0.0,0.20368663594470043,46,4,58,2,60,2,0,94,0,94
517ab11c2300ebd8e5e5b90b1d8ab044_b0.4/fold/517ab11c2300ebd8e5e5b90b1d8ab044_b0.4_517_8_hMIN.pdb,215,43.99999999999999,0,0.0,0.2027649769585253,7,1,10,1,8,1,0,94,0,94
517ab11c2300ebd8e5e5b90b1d8ab044_b0.4/fold/517ab11c2300ebd8e5e5b90b1d8ab044_b0.4_480_9_hMIN.pdb,215,42.00000000000001,0,0.0,0.19354838709677422,54,2,65,2,69,2,0,94,0,94
517ab11c2300ebd8e5e5b90b1d8ab044_b0.4/fold/517ab11c2300ebd8e5e5b90b1d8ab044_b0.4_443_1_hMIN.pdb,215,41.599999999999994,0,0.0,0.19170506912442395,10,1,13,1,13,1,0,94,0,94
517ab11c2300ebd8e5e5b90b1d8ab044_b0.4/fold/517ab11c2300ebd8e5e5b90b1d8ab044_b0.4_332_1_hMIN.pdb,215,41.199999999999996,0,0.0,0.1898617511520737,4,1,5,1,6,1,0,94,0,94
517ab11c2300ebd8e5e5b90b1d8ab044_b0.4/fold/517ab11c2300ebd8e5e5b90b1d8ab044_b0.4_517_3_hMIN.pdb,215,40.400000000000006,0,0.0,0.1861751152073733,21,1,15,1,14,1,0,94,0,94
517ab11c2300ebd8e5e5b90b1d8ab044_b0.4/fold/517ab11c2300ebd8e5e5b90b1d8ab044_b0.4_443_4_hMIN.pdb,215,39.2,0,0.0,0.1806451612903226,5,1,9,1,10,1,0,94,0,94
517ab11c2300ebd8e5e5b90b1d8ab044_b0.4/fold/517ab11c2300ebd8e5e5b90b1d8ab044_b0.4_517_5_hMIN.pdb,215,39.0,0,0.0,0.17972350230414746,27,1,42,1,44,1,0,94,0,94
517ab11c2300ebd8e5e5b90b1d8ab044_b0.4/fold/517ab11c2300ebd8e5e5b90b1d8ab044_b0.4_480_3_hMIN.pdb,215,38.400000000000006,0,0.0,0.17695852534562215,8,1,8,1,9,1,0,94,0,94
517ab11c2300ebd8e5e5b90b1d8ab044_b0.4/fold/517ab11c2300ebd8e5e5b90b1d8ab044_b0.4_443_6_hMIN.pdb,215,38.4,0,0.0,0.17695852534562212,11,1,6,1,7,1,0,94,0,94
517ab11c2300ebd8e5e5b90b1d8ab044_b0.4/fold/517ab11c2300ebd8e5e5b90b1d8ab044_b0.4_517_10_hMIN.pdb,215,38.2,0,0.0,0.17603686635944701,43,10,19,1,25,1,8,5,8,5
517ab11c2300ebd8e5e5b90b1d8ab044_b0.4/fold/517ab11c2300ebd8e5e5b90b1d8ab044_b0.4_517_7_hMIN.pdb,215,33.800000000000004,0,0.0,0.1557603686635945,6,1,7,1,15,1,0,94,0,94
517ab11c2300ebd8e5e5b90b1d8ab044_b0.4/fold/517ab11c2300ebd8e5e5b90b1d8ab044_b0.4_517_1_hMIN.pdb,215,32.0,0,0.0,0.14746543778801843,48,2,59,2,62,2,0,94,0,94
517ab11c2300ebd8e5e5b90b1d8ab044_b0.4/fold/517ab11c2300ebd8e5e5b90b1d8ab044_b0.4_295_1_hMIN.pdb,215,31.799999999999997,0,0.0,0.1465437788018433,36,1,11,1,5,1,0,94,0,94
517ab11c2300ebd8e5e5b90b1d8ab044_b0.4/fold/517ab11c2300ebd8e5e5b90b1d8ab044_b0.4_480_1_hMIN.pdb,215,28.200000000000003,0,0.0,0.12995391705069126,48,2,59,2,62,2,0,94,0,94
