A_i,sec_struct_3state,sec_struct_conf,i,in_model
G,C,9,1,False
R,C,8,2,True
A,C,6,3,True
S,C,5,4,True
R,C,5,5,True
Q,C,0,6,True
L,E,8,7,True
V,E,8,8,True
L,E,4,9,True
V,E,2,10,True
V,H,5,11,True
V,H,3,12,True
F,H,3,13,True
V,H,6,14,True
A,H,7,15,True
L,H,7,16,True
L,H,6,17,True
L,H,5,18,True
D,H,3,19,True
N,H,3,20,True
M,H,2,21,True
L,H,1,22,True
F,C,0,23,True
T,C,1,24,True
V,C,3,25,True
V,C,2,26,True
V,C,3,27,True
P,C,4,28,True
I,C,3,29,True
V,C,2,30,True
P,C,4,31,True
T,H,1,32,True
F,H,3,33,True
L,H,1,34,True
Y,H,1,35,True
D,C,0,36,True
M,C,3,37,True
E,C,3,38,True
F,C,7,39,True
K,C,7,40,True
E,C,7,41,True
V,C,7,42,True
N,C,6,43,True
S,C,5,44,True
S,C,5,45,True
L,C,5,46,True
H,C,5,47,True
L,C,6,48,True
G,C,8,49,True
H,C,8,50,True
A,C,9,51,True
G,C,9,52,True
S,C,9,53,True
S,C,9,54,True
P,C,9,55,True
H,C,8,56,True
A,C,6,57,True
L,C,6,58,True
A,C,8,59,True
S,C,9,60,True
P,C,9,61,True
A,C,9,62,True
F,C,6,63,True
S,C,4,64,True
T,C,3,65,True
I,C,1,66,True
F,C,0,67,True
S,C,2,68,True
F,C,4,69,True
F,C,4,70,True
N,C,5,71,True
N,C,7,72,True
N,C,6,73,True
T,C,2,74,True
V,C,1,75,True
A,C,1,76,True
V,C,2,77,True
E,C,4,78,True
E,C,6,79,True
S,C,7,80,True
V,C,8,81,True
P,C,7,82,True
S,C,6,83,True
G,C,6,84,True
I,C,4,85,True
A,C,3,86,True
W,C,3,87,True
M,C,5,88,True
N,C,7,89,True
D,C,8,90,True
T,C,7,91,True
A,C,6,92,True
S,C,5,93,True
T,C,6,94,True
I,C,8,95,True
P,C,9,96,True
P,C,9,97,True
P,C,9,98,True
A,C,7,99,True
T,C,5,100,True
E,C,3,101,True
A,C,2,102,True
I,C,3,103,True
S,C,2,104,True
A,C,3,105,True
H,C,4,106,True
K,C,4,107,True
N,C,4,108,True
N,C,5,109,True
C,C,6,110,True
L,C,6,111,True
Q,C,5,112,True
G,C,5,113,True
T,C,5,114,True
G,C,5,115,True
F,C,4,116,True
L,C,3,117,True
E,C,3,118,True
E,C,2,119,True
E,H,0,120,True
I,H,2,121,True
T,H,5,122,True
R,H,8,123,True
V,H,8,124,True
G,H,9,125,True
V,H,9,126,True
L,H,9,127,True
F,H,9,128,True
A,H,9,129,True
S,H,9,130,True
K,H,9,131,True
A,H,9,132,True
V,H,9,133,True
M,H,9,134,True
Q,H,9,135,True
L,H,9,136,True
L,H,7,137,True
V,H,4,138,True
N,H,1,139,True
P,C,0,140,True
F,C,1,141,True
V,C,3,142,True
G,C,3,143,True
P,C,4,144,True
L,C,2,145,True
T,C,3,146,True
N,C,3,147,True
R,C,3,148,True
I,C,4,149,True
G,C,6,150,True
Y,C,6,151,True
H,C,2,152,True
I,H,2,153,True
P,H,5,154,True
M,H,7,155,True
F,H,8,156,True
A,H,7,157,True
G,H,8,158,True
F,H,8,159,True
V,H,9,160,True
I,H,9,161,True
M,H,9,162,True
F,H,9,163,True
L,H,9,164,True
S,H,9,165,True
T,H,9,166,True
V,H,9,167,True
M,H,9,168,True
F,H,9,169,True
A,H,8,170,True
F,H,3,171,True
S,H,4,172,True
G,H,4,173,True
T,H,6,174,True
Y,H,8,175,True
T,H,9,176,True
L,H,9,177,True
L,H,9,178,True
F,H,9,179,True
V,H,9,180,True
A,H,9,181,True
R,H,9,182,True
T,H,9,183,True
L,H,8,184,True
Q,H,6,185,True
G,H,6,186,True
I,H,5,187,True
G,H,5,188,True
S,H,5,189,True
S,H,5,190,True
F,H,6,191,True
S,H,7,192,True
S,H,8,193,True
V,H,8,194,True
A,H,7,195,True
G,H,9,196,True
L,H,8,197,True
G,H,7,198,True
M,H,6,199,True
L,H,3,200,True
A,H,0,201,True
S,C,1,202,True
V,C,3,203,True
Y,C,5,204,True
T,C,8,205,True
D,C,9,206,True
D,C,2,207,True
H,H,3,208,True
E,H,6,209,True
R,H,8,210,True
G,H,9,211,True
R,H,8,212,True
A,H,9,213,True
M,H,9,214,True
G,H,9,215,True
T,H,9,216,True
A,H,9,217,True
L,H,9,218,True
G,H,9,219,True
G,H,9,220,True
L,H,8,221,True
A,H,7,222,True
L,H,6,223,True
G,H,7,224,True
L,H,6,225,True
L,H,6,226,True
V,H,4,227,True
G,H,3,228,True
A,H,2,229,True
P,H,4,230,True
F,H,4,231,True
G,H,5,232,True
S,H,3,233,True
V,H,4,234,True
M,H,1,235,True
Y,H,0,236,True
E,C,0,237,True
F,C,1,238,True
V,C,3,239,True
G,C,8,240,True
K,C,6,241,True
S,C,1,242,True
A,H,3,243,True
P,H,5,244,True
F,H,9,245,True
L,H,9,246,True
I,H,9,247,True
L,H,9,248,True
A,H,9,249,True
F,H,9,250,True
L,H,9,251,True
A,H,9,252,True
L,H,9,253,True
L,H,9,254,True
D,H,8,255,True
G,H,8,256,True
A,H,8,257,True
L,H,7,258,True
Q,H,3,259,True
L,H,2,260,True
C,E,2,261,True
I,E,3,262,True
L,C,0,263,True
Q,C,8,264,True
P,C,9,265,True
S,C,9,266,True
K,C,9,267,True
V,C,9,268,True
S,C,9,269,True
P,C,8,270,True
E,C,8,271,True
S,C,8,272,True
A,C,7,273,True
K,C,7,274,True
G,C,8,275,True
T,C,8,276,True
P,C,1,277,True
L,H,5,278,True
F,H,8,279,True
M,H,8,280,True
L,H,6,281,True
L,H,3,282,True
K,H,4,283,True
D,H,3,284,True
P,H,5,285,True
Y,H,7,286,True
I,H,9,287,True
L,H,9,288,True
V,H,9,289,True
A,H,9,290,True
A,H,9,291,True
G,H,9,292,True
S,H,9,293,True
I,H,9,294,True
C,H,9,295,True
F,H,9,296,True
A,H,9,297,True
N,H,9,298,True
M,H,8,299,True
G,H,8,300,True
V,H,6,301,True
A,H,5,302,True
I,H,1,303,True
L,H,1,304,True
E,H,1,305,True
P,H,2,306,True
T,C,0,307,True
L,H,8,308,True
P,H,8,309,True
I,H,9,310,True
W,H,9,311,True
M,H,9,312,True
M,H,9,313,True
Q,H,8,314,True
T,H,7,315,True
M,C,0,316,True
C,C,9,317,True
S,C,9,318,True
P,C,8,319,True
K,H,2,320,True
W,H,4,321,True
Q,H,6,322,True
L,H,8,323,True
G,H,9,324,True
L,H,9,325,True
A,H,9,326,True
F,H,9,327,True
L,H,9,328,True
P,H,9,329,True
A,H,8,330,True
S,H,9,331,True
V,H,9,332,True
S,H,9,333,True
Y,H,9,334,True
L,H,8,335,True
I,H,3,336,True
G,H,5,337,True
T,H,3,338,True
N,H,4,339,True
L,H,5,340,True
F,H,7,341,True
G,H,7,342,True
V,H,7,343,True
L,H,5,344,True
A,H,4,345,True
N,H,2,346,True
K,H,1,347,True
M,H,0,348,True
G,C,4,349,True
R,H,3,350,True
W,H,7,351,True
L,H,9,352,True
C,H,9,353,True
S,H,9,354,True
L,H,9,355,True
I,H,9,356,True
G,H,9,357,True
M,H,9,358,True
L,H,9,359,True
V,H,9,360,True
V,H,9,361,True
G,H,8,362,True
T,H,9,363,True
S,H,7,364,True
L,H,6,365,True
L,H,1,366,True
C,C,1,367,True
L,C,3,368,True
P,C,4,369,True
S,C,9,370,False
