filename,num_alpha_dihedrals,alpha_dihedral_score,num_beta_dihedrals,beta_dihedral_score,ranking_score,cluster_single,cluster_size_single,cluster_average,cluster_size_average,cluster_maximum,cluster_size_maximum,cluster_pairs_min,cluster_size_pairs_min,cluster_pairs_abs,cluster_size_pairs_abs
ea51e614bf3c6253a006d1cc67dbe2e1_b0.4/fold/ea51e614bf3c6253a006d1cc67dbe2e1_b0.4_104_9_hMIN.pdb,272,143.2,0,0,0.526470588235294,38,25,45,10,33,1,1,14,1,14
ea51e614bf3c6253a006d1cc67dbe2e1_b0.4/fold/ea51e614bf3c6253a006d1cc67dbe2e1_b0.4_104_3_hMIN.pdb,272,131.60000000000002,0,0,0.48382352941176476,38,25,45,10,49,9,1,14,1,14
ea51e614bf3c6253a006d1cc67dbe2e1_b0.4/fold/ea51e614bf3c6253a006d1cc67dbe2e1_b0.4_174_2_hMIN.pdb,272,130.20000000000002,0,0,0.47867647058823537,47,5,53,5,34,5,8,5,8,5
ea51e614bf3c6253a006d1cc67dbe2e1_b0.4/fold/ea51e614bf3c6253a006d1cc67dbe2e1_b0.4_significant_ECs_0.99_8_hMIN.pdb,272,127.00000000000001,0,0,0.4669117647058824,46,4,56,4,58,4,0,69,0,69
ea51e614bf3c6253a006d1cc67dbe2e1_b0.4/fold/ea51e614bf3c6253a006d1cc67dbe2e1_b0.4_209_9_hMIN.pdb,272,126.0,0,0,0.4632352941176471,33,12,46,8,36,8,2,9,2,9
ea51e614bf3c6253a006d1cc67dbe2e1_b0.4/fold/ea51e614bf3c6253a006d1cc67dbe2e1_b0.4_104_7_hMIN.pdb,272,123.8,0,0,0.4551470588235294,38,25,45,10,49,9,1,14,1,14
ea51e614bf3c6253a006d1cc67dbe2e1_b0.4/fold/ea51e614bf3c6253a006d1cc67dbe2e1_b0.4_significant_ECs_0.99_3_hMIN.pdb,272,123.0,0,0,0.4522058823529412,46,4,56,4,58,4,0,69,0,69
ea51e614bf3c6253a006d1cc67dbe2e1_b0.4/fold/ea51e614bf3c6253a006d1cc67dbe2e1_b0.4_104_5_hMIN.pdb,272,122.8,0,0,0.4514705882352941,38,25,45,10,49,9,1,14,1,14
ea51e614bf3c6253a006d1cc67dbe2e1_b0.4/fold/ea51e614bf3c6253a006d1cc67dbe2e1_b0.4_significant_ECs_0.9_5_hMIN.pdb,272,122.60000000000001,0,0,0.45073529411764707,48,6,59,6,63,6,5,6,5,6
ea51e614bf3c6253a006d1cc67dbe2e1_b0.4/fold/ea51e614bf3c6253a006d1cc67dbe2e1_b0.4_significant_ECs_0.99_9_hMIN.pdb,272,122.39999999999999,0,0,0.44999999999999996,38,25,55,6,59,6,4,6,4,6
ea51e614bf3c6253a006d1cc67dbe2e1_b0.4/fold/ea51e614bf3c6253a006d1cc67dbe2e1_b0.4_139_10_hMIN.pdb,272,121.99999999999999,0,0,0.44852941176470584,38,25,58,5,62,5,7,5,7,5
ea51e614bf3c6253a006d1cc67dbe2e1_b0.4/fold/ea51e614bf3c6253a006d1cc67dbe2e1_b0.4_104_6_hMIN.pdb,272,121.8,0,0,0.4477941176470588,38,25,45,10,49,9,1,14,1,14
ea51e614bf3c6253a006d1cc67dbe2e1_b0.4/fold/ea51e614bf3c6253a006d1cc67dbe2e1_b0.4_significant_ECs_0.99_4_hMIN.pdb,272,121.0,0,0,0.44485294117647056,38,25,55,6,59,6,4,6,4,6
ea51e614bf3c6253a006d1cc67dbe2e1_b0.4/fold/ea51e614bf3c6253a006d1cc67dbe2e1_b0.4_significant_ECs_0.99_5_hMIN.pdb,272,117.60000000000001,0,0,0.4323529411764706,46,4,56,4,58,4,0,69,0,69
ea51e614bf3c6253a006d1cc67dbe2e1_b0.4/fold/ea51e614bf3c6253a006d1cc67dbe2e1_b0.4_104_10_hMIN.pdb,272,117.2,0,0,0.4308823529411765,38,25,45,10,49,9,1,14,1,14
ea51e614bf3c6253a006d1cc67dbe2e1_b0.4/fold/ea51e614bf3c6253a006d1cc67dbe2e1_b0.4_104_2_hMIN.pdb,272,117.2,0,0,0.4308823529411765,38,25,45,10,49,9,1,14,1,14
ea51e614bf3c6253a006d1cc67dbe2e1_b0.4/fold/ea51e614bf3c6253a006d1cc67dbe2e1_b0.4_significant_ECs_0.9_9_hMIN.pdb,272,116.39999999999999,0,0,0.4279411764705882,48,6,59,6,63,6,5,6,5,6
ea51e614bf3c6253a006d1cc67dbe2e1_b0.4/fold/ea51e614bf3c6253a006d1cc67dbe2e1_b0.4_139_3_hMIN.pdb,272,116.39999999999999,0,0,0.4279411764705882,38,25,58,5,62,5,7,5,7,5
ea51e614bf3c6253a006d1cc67dbe2e1_b0.4/fold/ea51e614bf3c6253a006d1cc67dbe2e1_b0.4_174_8_hMIN.pdb,272,113.19999999999999,0,0,0.41617647058823526,44,5,48,5,38,5,9,5,9,5
ea51e614bf3c6253a006d1cc67dbe2e1_b0.4/fold/ea51e614bf3c6253a006d1cc67dbe2e1_b0.4_significant_ECs_0.99_2_hMIN.pdb,272,109.80000000000001,0,0,0.40367647058823536,38,25,55,6,59,6,4,6,4,6
ea51e614bf3c6253a006d1cc67dbe2e1_b0.4/fold/ea51e614bf3c6253a006d1cc67dbe2e1_b0.4_139_2_hMIN.pdb,272,108.80000000000001,0,0,0.4,38,25,58,5,62,5,7,5,7,5
ea51e614bf3c6253a006d1cc67dbe2e1_b0.4/fold/ea51e614bf3c6253a006d1cc67dbe2e1_b0.4_significant_ECs_0.9_10_hMIN.pdb,272,107.79999999999998,0,0,0.39632352941176463,48,6,59,6,63,6,5,6,5,6
ea51e614bf3c6253a006d1cc67dbe2e1_b0.4/fold/ea51e614bf3c6253a006d1cc67dbe2e1_b0.4_significant_ECs_0.9_1_hMIN.pdb,272,106.8,0,0,0.3926470588235294,48,6,59,6,63,6,5,6,5,6
ea51e614bf3c6253a006d1cc67dbe2e1_b0.4/fold/ea51e614bf3c6253a006d1cc67dbe2e1_b0.4_104_1_hMIN.pdb,272,106.40000000000002,0,0,0.39117647058823535,38,25,45,10,49,9,1,14,1,14
ea51e614bf3c6253a006d1cc67dbe2e1_b0.4/fold/ea51e614bf3c6253a006d1cc67dbe2e1_b0.4_139_5_hMIN.pdb,272,106.0,0,0,0.3897058823529412,43,5,51,5,51,5,6,5,6,5
ea51e614bf3c6253a006d1cc67dbe2e1_b0.4/fold/ea51e614bf3c6253a006d1cc67dbe2e1_b0.4_significant_ECs_0.99_6_hMIN.pdb,272,105.80000000000001,0,0,0.3889705882352942,46,4,56,4,58,4,0,69,0,69
ea51e614bf3c6253a006d1cc67dbe2e1_b0.4/fold/ea51e614bf3c6253a006d1cc67dbe2e1_b0.4_104_8_hMIN.pdb,272,105.39999999999999,0,0,0.38749999999999996,38,25,45,10,49,9,1,14,1,14
ea51e614bf3c6253a006d1cc67dbe2e1_b0.4/fold/ea51e614bf3c6253a006d1cc67dbe2e1_b0.4_139_8_hMIN.pdb,272,102.6,0,0,0.37720588235294117,43,5,51,5,51,5,6,5,6,5
ea51e614bf3c6253a006d1cc67dbe2e1_b0.4/fold/ea51e614bf3c6253a006d1cc67dbe2e1_b0.4_significant_ECs_0.99_10_hMIN.pdb,272,102.40000000000002,0,0,0.37647058823529417,38,25,55,6,59,6,4,6,4,6
ea51e614bf3c6253a006d1cc67dbe2e1_b0.4/fold/ea51e614bf3c6253a006d1cc67dbe2e1_b0.4_significant_ECs_0.9_3_hMIN.pdb,272,101.6,0,0,0.3735294117647059,38,25,60,4,65,4,1,14,1,14
ea51e614bf3c6253a006d1cc67dbe2e1_b0.4/fold/ea51e614bf3c6253a006d1cc67dbe2e1_b0.4_174_6_hMIN.pdb,272,101.19999999999999,0,0,0.3720588235294117,47,5,53,5,34,5,8,5,8,5
ea51e614bf3c6253a006d1cc67dbe2e1_b0.4/fold/ea51e614bf3c6253a006d1cc67dbe2e1_b0.4_209_3_hMIN.pdb,272,101.19999999999999,0,0,0.3720588235294117,33,12,46,8,36,8,2,9,2,9
ea51e614bf3c6253a006d1cc67dbe2e1_b0.4/fold/ea51e614bf3c6253a006d1cc67dbe2e1_b0.4_174_5_hMIN.pdb,272,100.2,0,0,0.3683823529411765,47,5,53,5,34,5,8,5,8,5
ea51e614bf3c6253a006d1cc67dbe2e1_b0.4/fold/ea51e614bf3c6253a006d1cc67dbe2e1_b0.4_349_6_hMIN.pdb,272,99.80000000000001,0,0,0.3669117647058824,34,5,35,2,40,2,0,69,0,69
ea51e614bf3c6253a006d1cc67dbe2e1_b0.4/fold/ea51e614bf3c6253a006d1cc67dbe2e1_b0.4_104_4_hMIN.pdb,272,99.19999999999999,0,0,0.36470588235294116,38,25,45,10,49,9,1,14,1,14
ea51e614bf3c6253a006d1cc67dbe2e1_b0.4/fold/ea51e614bf3c6253a006d1cc67dbe2e1_b0.4_significant_ECs_0.9_2_hMIN.pdb,272,97.6,0,0,0.3588235294117647,38,25,60,4,65,4,1,14,1,14
ea51e614bf3c6253a006d1cc67dbe2e1_b0.4/fold/ea51e614bf3c6253a006d1cc67dbe2e1_b0.4_significant_ECs_0.9_4_hMIN.pdb,272,97.2,0,0,0.3573529411764706,48,6,59,6,63,6,5,6,5,6
ea51e614bf3c6253a006d1cc67dbe2e1_b0.4/fold/ea51e614bf3c6253a006d1cc67dbe2e1_b0.4_139_7_hMIN.pdb,272,97.0,0,0,0.35661764705882354,38,25,58,5,62,5,7,5,7,5
ea51e614bf3c6253a006d1cc67dbe2e1_b0.4/fold/ea51e614bf3c6253a006d1cc67dbe2e1_b0.4_significant_ECs_0.9_6_hMIN.pdb,272,95.8,0,0,0.35220588235294115,38,25,60,4,65,4,1,14,1,14
ea51e614bf3c6253a006d1cc67dbe2e1_b0.4/fold/ea51e614bf3c6253a006d1cc67dbe2e1_b0.4_139_4_hMIN.pdb,272,95.0,0,0,0.3492647058823529,43,5,51,5,51,5,6,5,6,5
ea51e614bf3c6253a006d1cc67dbe2e1_b0.4/fold/ea51e614bf3c6253a006d1cc67dbe2e1_b0.4_174_7_hMIN.pdb,272,93.4,0,0,0.34338235294117647,47,5,53,5,34,5,8,5,8,5
ea51e614bf3c6253a006d1cc67dbe2e1_b0.4/fold/ea51e614bf3c6253a006d1cc67dbe2e1_b0.4_279_3_hMIN.pdb,272,92.60000000000001,0,0,0.34044117647058825,33,12,32,4,57,2,2,9,2,9
ea51e614bf3c6253a006d1cc67dbe2e1_b0.4/fold/ea51e614bf3c6253a006d1cc67dbe2e1_b0.4_significant_ECs_0.9_8_hMIN.pdb,272,92.6,0,0,0.3404411764705882,38,25,60,4,65,4,1,14,1,14
ea51e614bf3c6253a006d1cc67dbe2e1_b0.4/fold/ea51e614bf3c6253a006d1cc67dbe2e1_b0.4_244_5_hMIN.pdb,272,91.80000000000001,0,0,0.3375,16,1,20,1,20,1,0,69,0,69
ea51e614bf3c6253a006d1cc67dbe2e1_b0.4/fold/ea51e614bf3c6253a006d1cc67dbe2e1_b0.4_139_9_hMIN.pdb,272,91.8,0,0,0.33749999999999997,38,25,58,5,62,5,7,5,7,5
ea51e614bf3c6253a006d1cc67dbe2e1_b0.4/fold/ea51e614bf3c6253a006d1cc67dbe2e1_b0.4_244_9_hMIN.pdb,272,91.39999999999999,0,0,0.33602941176470585,29,8,49,2,54,2,3,6,3,6
ea51e614bf3c6253a006d1cc67dbe2e1_b0.4/fold/ea51e614bf3c6253a006d1cc67dbe2e1_b0.4_significant_ECs_0.99_1_hMIN.pdb,272,90.99999999999999,0,0,0.3345588235294117,38,25,55,6,59,6,4,6,4,6
ea51e614bf3c6253a006d1cc67dbe2e1_b0.4/fold/ea51e614bf3c6253a006d1cc67dbe2e1_b0.4_244_10_hMIN.pdb,272,90.8,0,0,0.3338235294117647,29,8,31,2,35,2,0,69,0,69
ea51e614bf3c6253a006d1cc67dbe2e1_b0.4/fold/ea51e614bf3c6253a006d1cc67dbe2e1_b0.4_279_2_hMIN.pdb,272,90.19999999999999,0,0,0.33161764705882346,33,12,32,4,57,2,0,69,0,69
ea51e614bf3c6253a006d1cc67dbe2e1_b0.4/fold/ea51e614bf3c6253a006d1cc67dbe2e1_b0.4_244_3_hMIN.pdb,272,89.39999999999999,0,0,0.32867647058823524,29,8,42,4,43,4,3,6,3,6
ea51e614bf3c6253a006d1cc67dbe2e1_b0.4/fold/ea51e614bf3c6253a006d1cc67dbe2e1_b0.4_209_7_hMIN.pdb,272,88.6,0,0,0.325735294117647,24,1,25,1,27,1,0,69,0,69
ea51e614bf3c6253a006d1cc67dbe2e1_b0.4/fold/ea51e614bf3c6253a006d1cc67dbe2e1_b0.4_279_1_hMIN.pdb,272,88.4,0,0,0.325,33,12,32,4,48,2,0,69,0,69
ea51e614bf3c6253a006d1cc67dbe2e1_b0.4/fold/ea51e614bf3c6253a006d1cc67dbe2e1_b0.4_174_3_hMIN.pdb,272,88.0,0,0,0.3235294117647059,47,5,53,5,34,5,8,5,8,5
ea51e614bf3c6253a006d1cc67dbe2e1_b0.4/fold/ea51e614bf3c6253a006d1cc67dbe2e1_b0.4_174_4_hMIN.pdb,272,87.4,0,0,0.32132352941176473,44,5,48,5,38,5,9,5,9,5
ea51e614bf3c6253a006d1cc67dbe2e1_b0.4/fold/ea51e614bf3c6253a006d1cc67dbe2e1_b0.4_significant_ECs_0.9_7_hMIN.pdb,272,87.19999999999999,0,0,0.3205882352941176,48,6,59,6,63,6,5,6,5,6
ea51e614bf3c6253a006d1cc67dbe2e1_b0.4/fold/ea51e614bf3c6253a006d1cc67dbe2e1_b0.4_244_2_hMIN.pdb,272,87.00000000000001,0,0,0.3198529411764706,29,8,42,4,43,4,3,6,3,6
ea51e614bf3c6253a006d1cc67dbe2e1_b0.4/fold/ea51e614bf3c6253a006d1cc67dbe2e1_b0.4_209_6_hMIN.pdb,272,86.80000000000001,0,0,0.31911764705882356,33,12,46,8,36,8,2,9,2,9
ea51e614bf3c6253a006d1cc67dbe2e1_b0.4/fold/ea51e614bf3c6253a006d1cc67dbe2e1_b0.4_209_10_hMIN.pdb,272,86.60000000000001,0,0,0.3183823529411765,21,1,26,1,26,1,0,69,0,69
ea51e614bf3c6253a006d1cc67dbe2e1_b0.4/fold/ea51e614bf3c6253a006d1cc67dbe2e1_b0.4_significant_ECs_0.99_7_hMIN.pdb,272,85.4,0,0,0.3139705882352941,38,25,55,6,59,6,4,6,4,6
ea51e614bf3c6253a006d1cc67dbe2e1_b0.4/fold/ea51e614bf3c6253a006d1cc67dbe2e1_b0.4_244_8_hMIN.pdb,272,85.2,0,0,0.31323529411764706,15,1,21,1,21,1,0,69,0,69
ea51e614bf3c6253a006d1cc67dbe2e1_b0.4/fold/ea51e614bf3c6253a006d1cc67dbe2e1_b0.4_209_2_hMIN.pdb,272,84.8,0,0,0.31176470588235294,33,12,46,8,36,8,2,9,2,9
ea51e614bf3c6253a006d1cc67dbe2e1_b0.4/fold/ea51e614bf3c6253a006d1cc67dbe2e1_b0.4_279_5_hMIN.pdb,272,83.79999999999998,0,0,0.3080882352941176,33,12,32,4,48,2,0,69,0,69
ea51e614bf3c6253a006d1cc67dbe2e1_b0.4/fold/ea51e614bf3c6253a006d1cc67dbe2e1_b0.4_314_7_hMIN.pdb,272,83.60000000000001,0,0,0.3073529411764706,32,6,41,4,55,3,11,5,11,5
ea51e614bf3c6253a006d1cc67dbe2e1_b0.4/fold/ea51e614bf3c6253a006d1cc67dbe2e1_b0.4_279_7_hMIN.pdb,272,83.60000000000001,0,0,0.3073529411764706,41,3,36,3,30,1,0,69,0,69
ea51e614bf3c6253a006d1cc67dbe2e1_b0.4/fold/ea51e614bf3c6253a006d1cc67dbe2e1_b0.4_209_8_hMIN.pdb,272,83.39999999999999,0,0,0.3066176470588235,33,12,46,8,36,8,2,9,2,9
ea51e614bf3c6253a006d1cc67dbe2e1_b0.4/fold/ea51e614bf3c6253a006d1cc67dbe2e1_b0.4_279_10_hMIN.pdb,272,82.60000000000001,0,0,0.3036764705882353,17,1,19,1,19,1,0,69,0,69
ea51e614bf3c6253a006d1cc67dbe2e1_b0.4/fold/ea51e614bf3c6253a006d1cc67dbe2e1_b0.4_384_3_hMIN.pdb,272,82.4,0,0,0.30294117647058827,40,2,43,2,46,2,0,69,0,69
ea51e614bf3c6253a006d1cc67dbe2e1_b0.4/fold/ea51e614bf3c6253a006d1cc67dbe2e1_b0.4_139_6_hMIN.pdb,272,81.60000000000001,0,0,0.30000000000000004,43,5,51,5,51,5,6,5,6,5
ea51e614bf3c6253a006d1cc67dbe2e1_b0.4/fold/ea51e614bf3c6253a006d1cc67dbe2e1_b0.4_279_9_hMIN.pdb,272,80.79999999999998,0,0,0.2970588235294117,41,3,36,3,61,2,0,69,0,69
ea51e614bf3c6253a006d1cc67dbe2e1_b0.4/fold/ea51e614bf3c6253a006d1cc67dbe2e1_b0.4_244_7_hMIN.pdb,272,80.20000000000002,0,0,0.29485294117647065,29,8,42,4,43,4,3,6,3,6
ea51e614bf3c6253a006d1cc67dbe2e1_b0.4/fold/ea51e614bf3c6253a006d1cc67dbe2e1_b0.4_209_5_hMIN.pdb,272,80.00000000000001,0,0,0.2941176470588236,33,12,46,8,36,8,2,9,2,9
ea51e614bf3c6253a006d1cc67dbe2e1_b0.4/fold/ea51e614bf3c6253a006d1cc67dbe2e1_b0.4_209_4_hMIN.pdb,272,79.0,0,0,0.29044117647058826,33,12,46,8,36,8,2,9,2,9
ea51e614bf3c6253a006d1cc67dbe2e1_b0.4/fold/ea51e614bf3c6253a006d1cc67dbe2e1_b0.4_279_8_hMIN.pdb,272,78.80000000000001,0,0,0.2897058823529412,41,3,36,3,61,2,0,69,0,69
ea51e614bf3c6253a006d1cc67dbe2e1_b0.4/fold/ea51e614bf3c6253a006d1cc67dbe2e1_b0.4_174_9_hMIN.pdb,272,78.6,0,0,0.2889705882352941,44,5,48,5,38,5,9,5,9,5
ea51e614bf3c6253a006d1cc67dbe2e1_b0.4/fold/ea51e614bf3c6253a006d1cc67dbe2e1_b0.4_174_10_hMIN.pdb,272,77.0,0,0,0.28308823529411764,44,5,48,5,38,5,9,5,9,5
ea51e614bf3c6253a006d1cc67dbe2e1_b0.4/fold/ea51e614bf3c6253a006d1cc67dbe2e1_b0.4_489_9_hMIN.pdb,272,76.79999999999998,0,0,0.28235294117647053,36,2,40,2,44,2,0,69,0,69
ea51e614bf3c6253a006d1cc67dbe2e1_b0.4/fold/ea51e614bf3c6253a006d1cc67dbe2e1_b0.4_489_5_hMIN.pdb,272,75.6,0,0,0.2779411764705882,37,4,44,3,45,2,0,69,0,69
ea51e614bf3c6253a006d1cc67dbe2e1_b0.4/fold/ea51e614bf3c6253a006d1cc67dbe2e1_b0.4_349_5_hMIN.pdb,272,75.00000000000001,0,0,0.27573529411764713,30,4,33,2,37,2,0,69,0,69
ea51e614bf3c6253a006d1cc67dbe2e1_b0.4/fold/ea51e614bf3c6253a006d1cc67dbe2e1_b0.4_314_4_hMIN.pdb,272,74.6,0,0,0.2742647058823529,45,2,57,2,64,2,0,69,0,69
ea51e614bf3c6253a006d1cc67dbe2e1_b0.4/fold/ea51e614bf3c6253a006d1cc67dbe2e1_b0.4_349_2_hMIN.pdb,272,74.19999999999999,0,0,0.2727941176470588,30,4,33,2,37,2,0,69,0,69
ea51e614bf3c6253a006d1cc67dbe2e1_b0.4/fold/ea51e614bf3c6253a006d1cc67dbe2e1_b0.4_349_8_hMIN.pdb,272,72.60000000000001,0,0,0.2669117647058824,34,5,50,3,47,3,0,69,0,69
ea51e614bf3c6253a006d1cc67dbe2e1_b0.4/fold/ea51e614bf3c6253a006d1cc67dbe2e1_b0.4_314_9_hMIN.pdb,272,71.6,0,0,0.263235294117647,32,6,34,2,39,2,11,5,11,5
ea51e614bf3c6253a006d1cc67dbe2e1_b0.4/fold/ea51e614bf3c6253a006d1cc67dbe2e1_b0.4_489_4_hMIN.pdb,272,71.6,0,0,0.263235294117647,37,4,30,1,45,2,0,69,0,69
ea51e614bf3c6253a006d1cc67dbe2e1_b0.4/fold/ea51e614bf3c6253a006d1cc67dbe2e1_b0.4_279_4_hMIN.pdb,272,70.39999999999999,0,0,0.2588235294117647,12,1,5,1,5,1,0,69,0,69
ea51e614bf3c6253a006d1cc67dbe2e1_b0.4/fold/ea51e614bf3c6253a006d1cc67dbe2e1_b0.4_139_1_hMIN.pdb,272,70.39999999999999,0,0,0.2588235294117647,43,5,51,5,51,5,6,5,6,5
ea51e614bf3c6253a006d1cc67dbe2e1_b0.4/fold/ea51e614bf3c6253a006d1cc67dbe2e1_b0.4_454_10_hMIN.pdb,272,67.8,0,0,0.24926470588235294,39,6,52,3,53,3,10,5,10,5
ea51e614bf3c6253a006d1cc67dbe2e1_b0.4/fold/ea51e614bf3c6253a006d1cc67dbe2e1_b0.4_349_3_hMIN.pdb,272,66.80000000000001,0,0,0.2455882352941177,30,4,54,2,60,2,0,69,0,69
ea51e614bf3c6253a006d1cc67dbe2e1_b0.4/fold/ea51e614bf3c6253a006d1cc67dbe2e1_b0.4_314_5_hMIN.pdb,272,66.2,0,0,0.2433823529411765,27,1,24,1,22,1,0,69,0,69
ea51e614bf3c6253a006d1cc67dbe2e1_b0.4/fold/ea51e614bf3c6253a006d1cc67dbe2e1_b0.4_244_4_hMIN.pdb,272,65.2,0,0,0.23970588235294119,29,8,31,2,35,2,3,6,3,6
ea51e614bf3c6253a006d1cc67dbe2e1_b0.4/fold/ea51e614bf3c6253a006d1cc67dbe2e1_b0.4_244_1_hMIN.pdb,272,65.0,0,0,0.23897058823529413,29,8,42,4,43,4,3,6,3,6
ea51e614bf3c6253a006d1cc67dbe2e1_b0.4/fold/ea51e614bf3c6253a006d1cc67dbe2e1_b0.4_244_6_hMIN.pdb,272,65.0,0,0,0.23897058823529413,29,8,49,2,54,2,0,69,0,69
ea51e614bf3c6253a006d1cc67dbe2e1_b0.4/fold/ea51e614bf3c6253a006d1cc67dbe2e1_b0.4_419_7_hMIN.pdb,272,64.4,0,0,0.23676470588235296,42,2,47,2,52,2,0,69,0,69
ea51e614bf3c6253a006d1cc67dbe2e1_b0.4/fold/ea51e614bf3c6253a006d1cc67dbe2e1_b0.4_384_2_hMIN.pdb,272,64.4,0,0,0.23676470588235296,4,1,7,1,7,1,0,69,0,69
ea51e614bf3c6253a006d1cc67dbe2e1_b0.4/fold/ea51e614bf3c6253a006d1cc67dbe2e1_b0.4_384_6_hMIN.pdb,272,64.2,0,0,0.2360294117647059,11,1,14,1,15,1,0,69,0,69
ea51e614bf3c6253a006d1cc67dbe2e1_b0.4/fold/ea51e614bf3c6253a006d1cc67dbe2e1_b0.4_314_10_hMIN.pdb,272,63.800000000000004,0,0,0.2345588235294118,32,6,41,4,55,3,11,5,11,5
ea51e614bf3c6253a006d1cc67dbe2e1_b0.4/fold/ea51e614bf3c6253a006d1cc67dbe2e1_b0.4_384_4_hMIN.pdb,272,63.6,0,0,0.2338235294117647,10,1,15,1,14,1,0,69,0,69
ea51e614bf3c6253a006d1cc67dbe2e1_b0.4/fold/ea51e614bf3c6253a006d1cc67dbe2e1_b0.4_419_10_hMIN.pdb,272,63.4,0,0,0.23308823529411765,42,2,47,2,52,2,0,69,0,69
ea51e614bf3c6253a006d1cc67dbe2e1_b0.4/fold/ea51e614bf3c6253a006d1cc67dbe2e1_b0.4_454_7_hMIN.pdb,272,62.99999999999999,0,0,0.2316176470588235,35,2,39,2,42,2,0,69,0,69
ea51e614bf3c6253a006d1cc67dbe2e1_b0.4/fold/ea51e614bf3c6253a006d1cc67dbe2e1_b0.4_419_6_hMIN.pdb,272,62.79999999999999,0,0,0.23088235294117643,31,4,37,3,41,3,0,69,0,69
ea51e614bf3c6253a006d1cc67dbe2e1_b0.4/fold/ea51e614bf3c6253a006d1cc67dbe2e1_b0.4_349_7_hMIN.pdb,272,62.6,0,0,0.23014705882352943,34,5,35,2,40,2,0,69,0,69
ea51e614bf3c6253a006d1cc67dbe2e1_b0.4/fold/ea51e614bf3c6253a006d1cc67dbe2e1_b0.4_279_6_hMIN.pdb,272,62.4,0,0,0.22941176470588234,3,1,3,1,3,1,0,69,0,69
ea51e614bf3c6253a006d1cc67dbe2e1_b0.4/fold/ea51e614bf3c6253a006d1cc67dbe2e1_b0.4_209_1_hMIN.pdb,272,62.2,0,0,0.22867647058823531,33,12,46,8,36,8,2,9,2,9
ea51e614bf3c6253a006d1cc67dbe2e1_b0.4/fold/ea51e614bf3c6253a006d1cc67dbe2e1_b0.4_384_5_hMIN.pdb,272,60.6,0,0,0.22279411764705884,9,1,12,1,10,1,0,69,0,69
ea51e614bf3c6253a006d1cc67dbe2e1_b0.4/fold/ea51e614bf3c6253a006d1cc67dbe2e1_b0.4_314_3_hMIN.pdb,272,60.6,0,0,0.22279411764705884,32,6,41,4,55,3,11,5,11,5
ea51e614bf3c6253a006d1cc67dbe2e1_b0.4/fold/ea51e614bf3c6253a006d1cc67dbe2e1_b0.4_174_1_hMIN.pdb,272,60.400000000000006,0,0,0.22205882352941178,44,5,48,5,38,5,9,5,9,5
ea51e614bf3c6253a006d1cc67dbe2e1_b0.4/fold/ea51e614bf3c6253a006d1cc67dbe2e1_b0.4_454_2_hMIN.pdb,272,60.199999999999996,0,0,0.2213235294117647,39,6,52,3,53,3,10,5,10,5
ea51e614bf3c6253a006d1cc67dbe2e1_b0.4/fold/ea51e614bf3c6253a006d1cc67dbe2e1_b0.4_419_9_hMIN.pdb,272,59.8,0,0,0.21985294117647058,31,4,37,3,41,3,0,69,0,69
ea51e614bf3c6253a006d1cc67dbe2e1_b0.4/fold/ea51e614bf3c6253a006d1cc67dbe2e1_b0.4_314_8_hMIN.pdb,272,59.400000000000006,0,0,0.2183823529411765,32,6,41,4,31,1,11,5,11,5
ea51e614bf3c6253a006d1cc67dbe2e1_b0.4/fold/ea51e614bf3c6253a006d1cc67dbe2e1_b0.4_489_6_hMIN.pdb,272,59.0,0,0,0.21691176470588236,7,1,8,1,9,1,0,69,0,69
ea51e614bf3c6253a006d1cc67dbe2e1_b0.4/fold/ea51e614bf3c6253a006d1cc67dbe2e1_b0.4_349_10_hMIN.pdb,272,58.599999999999994,0,0,0.21544117647058822,34,5,50,3,47,3,0,69,0,69
ea51e614bf3c6253a006d1cc67dbe2e1_b0.4/fold/ea51e614bf3c6253a006d1cc67dbe2e1_b0.4_454_9_hMIN.pdb,272,58.2,0,0,0.21397058823529413,39,6,38,3,50,2,10,5,10,5
ea51e614bf3c6253a006d1cc67dbe2e1_b0.4/fold/ea51e614bf3c6253a006d1cc67dbe2e1_b0.4_384_7_hMIN.pdb,272,57.2,0,0,0.21029411764705883,18,1,22,1,24,1,0,69,0,69
ea51e614bf3c6253a006d1cc67dbe2e1_b0.4/fold/ea51e614bf3c6253a006d1cc67dbe2e1_b0.4_454_5_hMIN.pdb,272,56.6,0,0,0.20808823529411766,35,2,39,2,42,2,0,69,0,69
ea51e614bf3c6253a006d1cc67dbe2e1_b0.4/fold/ea51e614bf3c6253a006d1cc67dbe2e1_b0.4_349_9_hMIN.pdb,272,56.0,0,0,0.20588235294117646,34,5,50,3,47,3,0,69,0,69
ea51e614bf3c6253a006d1cc67dbe2e1_b0.4/fold/ea51e614bf3c6253a006d1cc67dbe2e1_b0.4_454_3_hMIN.pdb,272,55.0,0,0,0.20220588235294118,14,1,16,1,12,1,0,69,0,69
ea51e614bf3c6253a006d1cc67dbe2e1_b0.4/fold/ea51e614bf3c6253a006d1cc67dbe2e1_b0.4_419_8_hMIN.pdb,272,54.599999999999994,0,0,0.20073529411764704,26,1,27,1,23,1,0,69,0,69
ea51e614bf3c6253a006d1cc67dbe2e1_b0.4/fold/ea51e614bf3c6253a006d1cc67dbe2e1_b0.4_419_4_hMIN.pdb,272,54.599999999999994,0,0,0.20073529411764704,8,1,4,1,4,1,0,69,0,69
ea51e614bf3c6253a006d1cc67dbe2e1_b0.4/fold/ea51e614bf3c6253a006d1cc67dbe2e1_b0.4_384_1_hMIN.pdb,272,54.400000000000006,0,0,0.2,13,1,11,1,11,1,0,69,0,69
ea51e614bf3c6253a006d1cc67dbe2e1_b0.4/fold/ea51e614bf3c6253a006d1cc67dbe2e1_b0.4_314_2_hMIN.pdb,272,53.6,0,0,0.19705882352941176,1,1,1,1,2,1,0,69,0,69
ea51e614bf3c6253a006d1cc67dbe2e1_b0.4/fold/ea51e614bf3c6253a006d1cc67dbe2e1_b0.4_349_4_hMIN.pdb,272,53.4,0,0,0.1963235294117647,20,1,13,1,16,1,0,69,0,69
ea51e614bf3c6253a006d1cc67dbe2e1_b0.4/fold/ea51e614bf3c6253a006d1cc67dbe2e1_b0.4_384_10_hMIN.pdb,272,52.199999999999996,0,0,0.19191176470588234,40,2,43,2,46,2,0,69,0,69
ea51e614bf3c6253a006d1cc67dbe2e1_b0.4/fold/ea51e614bf3c6253a006d1cc67dbe2e1_b0.4_489_10_hMIN.pdb,272,51.99999999999999,0,0,0.19117647058823528,37,4,44,3,56,2,0,69,0,69
ea51e614bf3c6253a006d1cc67dbe2e1_b0.4/fold/ea51e614bf3c6253a006d1cc67dbe2e1_b0.4_384_8_hMIN.pdb,272,51.2,0,0,0.18823529411764706,19,1,23,1,25,1,0,69,0,69
ea51e614bf3c6253a006d1cc67dbe2e1_b0.4/fold/ea51e614bf3c6253a006d1cc67dbe2e1_b0.4_384_9_hMIN.pdb,272,50.6,0,0,0.1860294117647059,5,1,6,1,6,1,0,69,0,69
ea51e614bf3c6253a006d1cc67dbe2e1_b0.4/fold/ea51e614bf3c6253a006d1cc67dbe2e1_b0.4_454_6_hMIN.pdb,272,50.4,0,0,0.18529411764705883,39,6,52,3,53,3,10,5,10,5
ea51e614bf3c6253a006d1cc67dbe2e1_b0.4/fold/ea51e614bf3c6253a006d1cc67dbe2e1_b0.4_454_8_hMIN.pdb,272,50.2,0,0,0.18455882352941178,39,6,38,3,50,2,0,69,0,69
ea51e614bf3c6253a006d1cc67dbe2e1_b0.4/fold/ea51e614bf3c6253a006d1cc67dbe2e1_b0.4_419_5_hMIN.pdb,272,49.800000000000004,0,0,0.18308823529411766,31,4,18,1,13,1,0,69,0,69
ea51e614bf3c6253a006d1cc67dbe2e1_b0.4/fold/ea51e614bf3c6253a006d1cc67dbe2e1_b0.4_454_4_hMIN.pdb,272,49.8,0,0,0.18308823529411763,39,6,38,3,32,1,10,5,10,5
ea51e614bf3c6253a006d1cc67dbe2e1_b0.4/fold/ea51e614bf3c6253a006d1cc67dbe2e1_b0.4_489_8_hMIN.pdb,272,49.2,0,0,0.1808823529411765,36,2,40,2,44,2,0,69,0,69
ea51e614bf3c6253a006d1cc67dbe2e1_b0.4/fold/ea51e614bf3c6253a006d1cc67dbe2e1_b0.4_419_2_hMIN.pdb,272,48.8,0,0,0.17941176470588235,25,1,28,1,29,1,0,69,0,69
ea51e614bf3c6253a006d1cc67dbe2e1_b0.4/fold/ea51e614bf3c6253a006d1cc67dbe2e1_b0.4_314_6_hMIN.pdb,272,48.60000000000001,0,0,0.17867647058823533,45,2,57,2,64,2,0,69,0,69
ea51e614bf3c6253a006d1cc67dbe2e1_b0.4/fold/ea51e614bf3c6253a006d1cc67dbe2e1_b0.4_489_7_hMIN.pdb,272,48.400000000000006,0,0,0.17794117647058827,37,4,44,3,56,2,0,69,0,69
ea51e614bf3c6253a006d1cc67dbe2e1_b0.4/fold/ea51e614bf3c6253a006d1cc67dbe2e1_b0.4_489_3_hMIN.pdb,272,47.400000000000006,0,0,0.17426470588235296,28,1,29,1,18,1,0,69,0,69
ea51e614bf3c6253a006d1cc67dbe2e1_b0.4/fold/ea51e614bf3c6253a006d1cc67dbe2e1_b0.4_419_3_hMIN.pdb,272,46.60000000000001,0,0,0.17132352941176474,31,4,37,3,41,3,0,69,0,69
ea51e614bf3c6253a006d1cc67dbe2e1_b0.4/fold/ea51e614bf3c6253a006d1cc67dbe2e1_b0.4_489_2_hMIN.pdb,272,45.60000000000001,0,0,0.16764705882352945,22,1,17,1,28,1,0,69,0,69
ea51e614bf3c6253a006d1cc67dbe2e1_b0.4/fold/ea51e614bf3c6253a006d1cc67dbe2e1_b0.4_314_1_hMIN.pdb,272,43.8,0,0,0.16102941176470587,32,6,34,2,39,2,0,69,0,69
ea51e614bf3c6253a006d1cc67dbe2e1_b0.4/fold/ea51e614bf3c6253a006d1cc67dbe2e1_b0.4_349_1_hMIN.pdb,272,41.800000000000004,0,0,0.1536764705882353,30,4,54,2,60,2,0,69,0,69
ea51e614bf3c6253a006d1cc67dbe2e1_b0.4/fold/ea51e614bf3c6253a006d1cc67dbe2e1_b0.4_454_1_hMIN.pdb,272,38.599999999999994,0,0,0.14191176470588232,23,1,10,1,17,1,0,69,0,69
ea51e614bf3c6253a006d1cc67dbe2e1_b0.4/fold/ea51e614bf3c6253a006d1cc67dbe2e1_b0.4_419_1_hMIN.pdb,272,33.800000000000004,0,0,0.12426470588235296,2,1,2,1,1,1,0,69,0,69
ea51e614bf3c6253a006d1cc67dbe2e1_b0.4/fold/ea51e614bf3c6253a006d1cc67dbe2e1_b0.4_489_1_hMIN.pdb,272,29.8,0,0,0.10955882352941176,6,1,9,1,8,1,0,69,0,69
