A_i,sec_struct_3state,sec_struct_conf,i,in_model
R,C,9,1,False
A,C,7,2,False
S,C,7,3,False
R,C,4,4,False
Q,C,1,5,False
L,E,8,6,False
V,E,6,7,False
L,E,0,8,False
V,H,0,9,False
V,H,7,10,False
V,H,6,11,False
F,H,7,12,False
V,H,8,13,False
A,H,8,14,False
L,H,8,15,False
L,H,6,16,False
L,H,4,17,False
D,H,3,18,False
N,H,2,19,False
M,H,2,20,False
L,C,1,21,False
F,C,4,22,False
T,C,2,23,False
V,C,3,24,False
V,C,2,25,False
V,C,2,26,False
P,C,3,27,False
I,C,3,28,False
V,C,4,29,False
P,C,2,30,False
T,H,3,31,False
F,H,5,32,False
L,H,3,33,False
Y,H,3,34,False
D,H,0,35,False
M,C,2,36,False
E,C,3,37,False
F,C,7,38,False
K,C,7,39,False
E,C,6,40,False
V,C,6,41,False
N,C,6,42,False
S,C,5,43,False
S,C,5,44,False
L,C,4,45,False
H,C,4,46,False
L,C,5,47,False
G,C,7,48,False
H,C,8,49,False
A,C,9,50,False
G,C,9,51,False
S,C,9,52,False
S,C,9,53,False
P,C,9,54,False
H,C,7,55,False
A,C,5,56,False
L,C,5,57,False
A,C,7,58,False
S,C,9,59,False
P,C,9,60,False
A,C,9,61,False
F,C,7,62,False
S,C,5,63,False
T,C,3,64,False
I,C,2,65,False
F,C,2,66,False
S,C,3,67,False
F,C,4,68,False
F,C,5,69,False
N,C,6,70,False
N,C,8,71,False
N,C,6,72,False
T,C,3,73,False
V,C,2,74,False
A,C,2,75,False
V,C,2,76,False
E,C,5,77,False
E,C,6,78,False
S,C,7,79,False
V,C,8,80,False
P,C,7,81,False
S,C,7,82,False
G,C,6,83,False
I,C,5,84,False
A,C,4,85,False
W,C,4,86,False
M,C,6,87,False
N,C,8,88,False
D,C,8,89,False
T,C,8,90,False
A,C,7,91,False
S,C,5,92,False
T,C,6,93,False
I,C,8,94,False
P,C,9,95,False
P,C,9,96,False
P,C,8,97,False
A,C,7,98,False
T,C,4,99,False
E,C,2,100,False
A,C,1,101,False
I,C,2,102,False
S,C,2,103,False
A,C,2,104,False
H,C,4,105,False
K,C,5,106,False
N,C,6,107,False
N,C,7,108,False
C,C,7,109,False
L,C,6,110,False
Q,C,6,111,False
G,C,5,112,False
T,C,4,113,False
G,C,3,114,True
F,C,1,115,True
L,C,3,116,True
E,C,4,117,True
E,C,4,118,True
E,C,1,119,True
I,H,1,120,True
T,H,3,121,True
R,H,7,122,True
V,H,8,123,True
G,H,8,124,True
V,H,9,125,True
L,H,9,126,True
F,H,9,127,True
A,H,9,128,True
S,H,9,129,True
K,H,9,130,True
A,H,9,131,True
V,H,9,132,True
M,H,9,133,True
Q,H,9,134,True
L,H,9,135,True
L,H,6,136,True
V,H,4,137,True
N,H,1,138,True
P,C,0,139,True
F,C,1,140,True
V,C,2,141,True
G,C,3,142,True
P,C,5,143,True
L,C,3,144,True
T,C,3,145,True
N,C,3,146,True
R,C,3,147,True
I,C,4,148,True
G,C,7,149,True
Y,C,5,150,True
H,H,0,151,True
I,H,5,152,True
P,H,7,153,True
M,H,9,154,True
F,H,9,155,True
A,H,8,156,True
G,H,9,157,True
F,H,9,158,True
V,H,9,159,True
I,H,9,160,True
M,H,9,161,True
F,H,9,162,True
L,H,9,163,True
S,H,9,164,True
T,H,9,165,True
V,H,9,166,True
M,H,9,167,True
F,H,9,168,True
A,H,9,169,True
F,H,4,170,True
S,H,6,171,True
G,H,6,172,True
T,H,6,173,True
Y,H,9,174,True
T,H,9,175,True
L,H,9,176,True
L,H,9,177,True
F,H,9,178,True
V,H,9,179,True
A,H,9,180,True
R,H,9,181,True
T,H,9,182,True
L,H,7,183,True
Q,H,6,184,True
G,H,5,185,True
I,H,4,186,True
G,H,5,187,True
S,H,4,188,True
S,H,4,189,True
F,H,5,190,True
S,H,6,191,True
S,H,6,192,True
V,H,7,193,True
A,H,7,194,True
G,H,9,195,True
L,H,8,196,True
G,H,7,197,True
M,H,6,198,True
L,H,5,199,True
A,H,2,200,True
S,C,1,201,True
V,C,3,202,True
Y,C,5,203,True
T,C,8,204,True
D,C,9,205,True
D,C,4,206,True
H,H,1,207,True
E,H,3,208,True
R,H,6,209,True
G,H,8,210,True
R,H,7,211,True
A,H,7,212,True
M,H,7,213,True
G,H,9,214,True
T,H,9,215,True
A,H,8,216,True
L,H,9,217,True
G,H,8,218,True
G,H,9,219,True
L,H,7,220,True
A,H,5,221,True
L,H,5,222,True
G,H,4,223,True
L,H,4,224,True
L,H,3,225,True
V,H,2,226,True
G,H,1,227,True
A,H,1,228,True
P,H,3,229,True
F,H,4,230,True
G,H,6,231,True
S,H,7,232,True
V,H,8,233,True
M,H,6,234,True
Y,H,6,235,True
E,H,4,236,True
F,H,3,237,True
V,C,0,238,True
G,C,8,239,True
K,C,8,240,True
S,C,0,241,True
A,H,4,242,True
P,H,6,243,True
F,H,9,244,True
L,H,9,245,True
I,H,9,246,True
L,H,9,247,True
A,H,9,248,True
F,H,9,249,True
L,H,9,250,True
A,H,9,251,True
L,H,9,252,True
L,H,9,253,True
D,H,6,254,True
G,H,6,255,True
A,H,8,256,True
L,H,4,257,True
Q,E,1,258,True
L,E,4,259,True
C,E,6,260,True
I,E,5,261,True
L,E,0,262,True
Q,C,6,263,True
P,C,8,264,True
S,C,9,265,True
K,C,9,266,True
V,C,9,267,True
S,C,9,268,True
P,C,8,269,True
E,C,8,270,True
S,C,8,271,True
A,C,6,272,True
K,C,6,273,True
G,C,8,274,True
T,C,6,275,True
P,C,0,276,True
L,H,3,277,True
F,H,5,278,True
M,H,5,279,True
L,H,3,280,True
L,H,0,281,True
K,H,0,282,True
D,H,0,283,True
P,H,4,284,True
Y,H,7,285,True
I,H,9,286,True
L,H,9,287,True
V,H,9,288,True
A,H,9,289,True
A,H,9,290,True
G,H,9,291,True
S,H,9,292,True
I,H,9,293,True
C,H,9,294,True
F,H,9,295,True
A,H,9,296,True
N,H,9,297,True
M,H,8,298,True
G,H,7,299,True
V,H,4,300,True
A,H,4,301,True
I,H,2,302,True
L,H,0,303,True
E,H,0,304,True
P,C,3,305,True
T,C,2,306,True
L,H,9,307,True
P,H,9,308,True
I,H,9,309,True
W,H,9,310,True
M,H,9,311,True
M,H,9,312,True
Q,H,8,313,True
T,H,7,314,True
M,C,0,315,True
C,C,9,316,True
S,C,9,317,True
P,C,9,318,True
K,C,5,319,True
W,C,3,320,True
Q,H,0,321,True
L,H,3,322,True
G,H,4,323,True
L,H,5,324,True
A,H,6,325,True
F,H,0,326,True
L,H,3,327,True
P,H,3,328,True
A,H,5,329,True
S,H,8,330,True
V,H,8,331,True
S,H,9,332,True
Y,H,9,333,True
L,H,9,334,True
I,H,7,335,True
G,H,7,336,True
T,H,4,337,True
N,H,4,338,True
L,H,4,339,True
F,H,5,340,True
G,H,5,341,True
V,H,5,342,True
L,H,4,343,True
A,H,3,344,True
N,H,3,345,True
K,H,2,346,True
M,H,1,347,True
G,C,5,348,True
R,H,3,349,True
W,H,6,350,True
L,H,9,351,True
C,H,9,352,True
S,H,9,353,True
L,H,9,354,True
I,H,9,355,True
G,H,9,356,True
M,H,9,357,True
L,H,9,358,True
V,H,9,359,True
V,H,9,360,True
G,H,9,361,True
T,H,9,362,True
S,H,8,363,True
L,H,7,364,True
L,H,4,365,True
C,H,2,366,True
V,C,0,367,True
P,C,1,368,True
L,C,3,369,True
A,H,0,370,True
H,H,0,371,True
N,H,4,372,True
I,H,8,373,True
F,H,9,374,True
G,H,9,375,True
L,H,9,376,True
I,H,9,377,True
G,H,9,378,True
P,H,9,379,True
N,H,9,380,True
A,H,9,381,True
G,H,9,382,True
L,H,9,383,True
G,H,9,384,True
L,H,9,385,True
A,H,9,386,True
I,H,8,387,True
G,H,7,388,True
M,H,2,389,True
V,H,3,390,True
D,H,5,391,True
S,H,6,392,True
S,H,4,393,True
M,H,8,394,True
M,H,9,395,True
P,H,7,396,True
I,H,9,397,True
M,H,9,398,True
G,H,7,399,True
H,H,4,400,True
L,H,1,401,True
V,C,3,402,True
D,C,3,403,True
L,C,6,404,True
R,C,7,405,True
H,C,8,406,True
T,C,8,407,True
S,C,6,408,True
V,C,4,409,True
Y,C,0,410,True
G,H,0,411,True
S,H,5,412,True
V,H,9,413,True
Y,H,9,414,True
A,H,8,415,True
I,H,9,416,True
A,H,9,417,True
D,H,9,418,True
V,H,9,419,True
A,H,9,420,True
F,H,9,421,True
C,H,8,422,True
M,H,6,423,True
G,H,8,424,True
F,H,8,425,True
A,H,6,426,True
I,H,8,427,True
G,H,5,428,True
P,H,8,429,True
S,H,8,430,True
T,H,9,431,True
G,H,9,432,True
G,H,9,433,True
A,H,9,434,True
I,H,6,435,True
V,H,7,436,True
K,H,5,437,True
A,H,2,438,True
I,C,0,439,True
G,C,9,440,True
F,H,0,441,True
P,H,4,442,True
W,H,9,443,True
L,H,9,444,True
M,H,9,445,True
V,H,9,446,True
I,H,9,447,True
T,H,9,448,True
G,H,9,449,True
V,H,9,450,True
I,H,9,451,True
N,H,9,452,True
I,H,9,453,True
V,H,7,454,True
Y,H,7,455,True
A,H,2,456,True
P,C,1,457,True
L,C,7,458,False
C,C,9,459,False
