A_i,sec_struct_3state,sec_struct_conf,i,in_model
R,C,9,1,False
A,C,7,2,False
S,C,6,3,False
R,C,4,4,False
Q,C,0,5,False
L,E,8,6,False
V,E,8,7,False
L,E,3,8,False
V,E,2,9,False
V,H,5,10,False
V,H,5,11,False
F,H,6,12,False
V,H,7,13,False
A,H,8,14,False
L,H,8,15,False
L,H,6,16,False
L,H,5,17,False
D,H,4,18,False
N,H,4,19,False
M,H,3,20,False
L,H,2,21,False
F,C,1,22,False
T,C,2,23,False
V,C,3,24,False
V,C,2,25,False
V,C,3,26,False
P,C,3,27,False
I,C,4,28,False
V,C,3,29,False
P,C,3,30,False
T,H,4,31,False
F,H,6,32,False
L,H,3,33,False
Y,H,2,34,False
D,C,0,35,False
M,C,2,36,False
E,C,4,37,False
F,C,8,38,False
K,C,8,39,False
E,C,7,40,False
V,C,7,41,False
N,C,7,42,False
S,C,6,43,False
S,C,5,44,False
L,C,4,45,False
H,C,4,46,False
L,C,5,47,False
G,C,8,48,False
H,C,8,49,False
A,C,9,50,False
G,C,9,51,False
S,C,9,52,False
S,C,9,53,False
P,C,9,54,False
H,C,8,55,False
A,C,5,56,False
L,C,6,57,False
A,C,7,58,False
S,C,9,59,False
P,C,9,60,False
A,C,9,61,False
F,C,6,62,False
S,C,5,63,False
T,C,3,64,False
I,C,1,65,False
F,C,0,66,False
S,C,1,67,False
F,C,3,68,False
F,C,4,69,False
N,C,5,70,False
N,C,7,71,False
N,C,6,72,False
T,C,3,73,False
V,C,2,74,False
A,C,2,75,False
V,C,2,76,False
E,C,4,77,False
E,C,6,78,False
S,C,6,79,False
V,C,7,80,False
P,C,7,81,False
S,C,6,82,False
G,C,5,83,False
I,C,4,84,False
A,C,3,85,False
W,C,3,86,False
M,C,5,87,False
N,C,7,88,False
D,C,8,89,False
T,C,7,90,False
A,C,6,91,False
S,C,5,92,False
T,C,6,93,False
I,C,8,94,False
P,C,9,95,False
P,C,9,96,False
P,C,8,97,False
A,C,7,98,False
T,C,5,99,False
E,C,3,100,False
A,C,2,101,False
I,C,2,102,False
S,C,2,103,False
A,C,3,104,False
H,C,4,105,False
K,C,4,106,False
N,C,5,107,False
N,C,6,108,False
C,C,7,109,False
L,C,6,110,False
Q,C,5,111,False
G,C,5,112,False
T,C,5,113,False
G,C,4,114,True
F,C,3,115,True
L,C,3,116,True
E,C,3,117,True
E,C,2,118,True
E,H,1,119,True
I,H,3,120,True
T,H,5,121,True
R,H,9,122,True
V,H,9,123,True
G,H,9,124,True
V,H,9,125,True
L,H,9,126,True
F,H,9,127,True
A,H,9,128,True
S,H,9,129,True
K,H,9,130,True
A,H,9,131,True
V,H,9,132,True
M,H,9,133,True
Q,H,9,134,True
L,H,9,135,True
L,H,7,136,True
V,H,3,137,True
N,H,1,138,True
P,C,0,139,True
F,C,1,140,True
V,C,2,141,True
G,C,3,142,True
P,C,4,143,True
L,C,3,144,True
T,C,3,145,True
N,C,3,146,True
R,C,3,147,True
I,C,4,148,True
G,C,6,149,True
Y,C,6,150,True
H,C,1,151,True
I,H,3,152,True
P,H,6,153,True
M,H,8,154,True
F,H,8,155,True
A,H,7,156,True
G,H,9,157,True
F,H,9,158,True
V,H,9,159,True
I,H,9,160,True
M,H,9,161,True
F,H,9,162,True
L,H,9,163,True
S,H,9,164,True
T,H,9,165,True
V,H,9,166,True
M,H,9,167,True
F,H,9,168,True
A,H,8,169,True
F,H,3,170,True
S,H,5,171,True
G,H,5,172,True
T,H,6,173,True
Y,H,8,174,True
T,H,9,175,True
L,H,9,176,True
L,H,9,177,True
F,H,9,178,True
V,H,9,179,True
A,H,9,180,True
R,H,9,181,True
T,H,9,182,True
L,H,7,183,True
Q,H,6,184,True
G,H,6,185,True
I,H,5,186,True
G,H,5,187,True
S,H,5,188,True
S,H,5,189,True
F,H,6,190,True
S,H,7,191,True
S,H,7,192,True
V,H,8,193,True
A,H,6,194,True
G,H,9,195,True
L,H,8,196,True
G,H,7,197,True
M,H,6,198,True
L,H,4,199,True
A,H,1,200,True
S,C,2,201,True
V,C,4,202,True
Y,C,5,203,True
T,C,8,204,True
D,C,9,205,True
D,C,4,206,True
H,H,2,207,True
E,H,5,208,True
R,H,7,209,True
G,H,9,210,True
R,H,8,211,True
A,H,8,212,True
M,H,9,213,True
G,H,9,214,True
T,H,9,215,True
A,H,9,216,True
L,H,9,217,True
G,H,9,218,True
G,H,9,219,True
L,H,7,220,True
A,H,7,221,True
L,H,7,222,True
G,H,6,223,True
L,H,6,224,True
L,H,5,225,True
V,H,4,226,True
G,H,2,227,True
A,H,2,228,True
P,H,3,229,True
F,H,5,230,True
G,H,6,231,True
S,H,6,232,True
V,H,8,233,True
M,H,5,234,True
Y,H,5,235,True
E,H,2,236,True
F,H,1,237,True
V,C,1,238,True
G,C,7,239,True
K,C,7,240,True
S,C,0,241,True
A,H,4,242,True
P,H,6,243,True
F,H,9,244,True
L,H,9,245,True
I,H,9,246,True
L,H,9,247,True
A,H,9,248,True
F,H,9,249,True
L,H,9,250,True
A,H,9,251,True
L,H,9,252,True
L,H,9,253,True
D,H,9,254,True
G,H,9,255,True
A,H,9,256,True
L,H,7,257,True
Q,H,6,258,True
L,H,6,259,True
C,H,3,260,True
I,C,1,261,True
L,C,2,262,True
Q,C,8,263,True
P,C,9,264,True
S,C,9,265,True
K,C,9,266,True
V,C,9,267,True
S,C,9,268,True
P,C,8,269,True
E,C,8,270,True
S,C,8,271,True
A,C,7,272,True
K,C,6,273,True
G,C,8,274,True
T,C,7,275,True
P,C,0,276,True
L,H,3,277,True
F,H,6,278,True
M,H,5,279,True
L,H,4,280,True
L,H,1,281,True
K,H,1,282,True
D,C,0,283,True
P,H,4,284,True
Y,H,7,285,True
I,H,9,286,True
L,H,9,287,True
V,H,9,288,True
A,H,9,289,True
A,H,9,290,True
G,H,9,291,True
S,H,9,292,True
I,H,9,293,True
C,H,9,294,True
F,H,9,295,True
A,H,9,296,True
N,H,9,297,True
M,H,8,298,True
G,H,6,299,True
V,H,5,300,True
A,H,3,301,True
I,H,0,302,True
L,C,1,303,True
E,C,2,304,True
P,C,3,305,True
T,C,1,306,True
L,H,8,307,True
P,H,8,308,True
I,H,9,309,True
W,H,9,310,True
M,H,9,311,True
M,H,9,312,True
Q,H,8,313,True
T,H,8,314,True
M,H,1,315,True
C,C,9,316,True
S,C,9,317,True
P,C,8,318,True
K,C,3,319,True
W,C,1,320,True
Q,C,1,321,True
L,H,0,322,True
G,H,0,323,True
L,H,5,324,True
A,H,6,325,True
F,H,1,326,True
L,H,3,327,True
P,H,3,328,True
A,H,3,329,True
S,H,5,330,True
V,H,5,331,True
S,H,6,332,True
Y,H,7,333,True
L,H,7,334,True
I,H,3,335,True
G,H,3,336,True
T,C,0,337,True
N,H,0,338,True
L,H,1,339,True
F,H,2,340,True
G,H,2,341,True
V,H,2,342,True
L,H,2,343,True
A,H,2,344,True
N,H,1,345,True
K,H,0,346,True
M,H,0,347,True
G,C,4,348,True
R,H,3,349,True
W,H,7,350,True
L,H,9,351,True
C,H,9,352,True
S,H,9,353,True
L,H,9,354,True
I,H,9,355,True
G,H,9,356,True
M,H,9,357,True
L,H,9,358,True
V,H,9,359,True
V,H,9,360,True
G,H,9,361,True
T,H,9,362,True
S,H,9,363,True
L,H,8,364,True
L,H,6,365,True
C,H,6,366,True
V,H,2,367,True
P,H,0,368,True
L,C,2,369,True
A,H,0,370,True
H,H,1,371,True
N,H,6,372,True
I,H,8,373,True
F,H,9,374,True
G,H,9,375,True
L,H,9,376,True
I,H,9,377,True
G,H,9,378,True
P,H,9,379,True
N,H,9,380,True
A,H,9,381,True
G,H,9,382,True
L,H,9,383,True
G,H,9,384,True
L,H,8,385,True
A,H,9,386,True
I,H,8,387,True
G,H,7,388,True
M,H,3,389,True
V,H,4,390,True
D,H,5,391,True
S,H,5,392,True
S,H,2,393,True
M,H,8,394,True
M,H,9,395,True
P,H,7,396,True
I,H,9,397,True
M,H,8,398,True
G,H,6,399,True
H,H,2,400,True
L,H,0,401,True
V,C,2,402,True
D,C,2,403,True
L,C,4,404,True
R,C,5,405,True
H,C,6,406,True
T,C,7,407,True
S,C,6,408,True
V,C,4,409,True
Y,C,2,410,True
G,C,2,411,True
S,H,5,412,True
V,H,9,413,True
Y,H,9,414,True
A,H,8,415,True
I,H,9,416,True
A,H,9,417,True
D,H,9,418,True
V,H,9,419,True
A,H,9,420,True
F,H,9,421,True
C,H,9,422,True
M,H,7,423,True
G,H,8,424,True
F,H,8,425,True
A,H,6,426,True
I,H,7,427,True
G,H,3,428,True
Y,H,2,429,True
S,H,1,430,True
E,C,2,431,True
S,C,6,432,True
G,C,8,433,False
L,C,9,434,False
