filename,num_alpha_dihedrals,alpha_dihedral_score,num_beta_dihedrals,beta_dihedral_score,ranking_score,cluster_single,cluster_size_single,cluster_average,cluster_size_average,cluster_maximum,cluster_size_maximum,cluster_pairs_min,cluster_size_pairs_min,cluster_pairs_abs,cluster_size_pairs_abs
76fb5d8ac07c5eb4cc12d7a1b16fc3d2_b0.3/fold/76fb5d8ac07c5eb4cc12d7a1b16fc3d2_b0.3_72_4_hMIN.pdb,95,41.60000000000001,0,0.0,0.42448979591836744,17,5,29,4,30,4,9,5,9,5
76fb5d8ac07c5eb4cc12d7a1b16fc3d2_b0.3/fold/76fb5d8ac07c5eb4cc12d7a1b16fc3d2_b0.3_72_3_hMIN.pdb,95,41.6,0,0.0,0.4244897959183674,17,5,29,4,30,4,9,5,9,5
76fb5d8ac07c5eb4cc12d7a1b16fc3d2_b0.3/fold/76fb5d8ac07c5eb4cc12d7a1b16fc3d2_b0.3_96_10_hMIN.pdb,95,38.199999999999996,0,0.0,0.3897959183673469,15,4,20,3,24,3,0,39,0,39
76fb5d8ac07c5eb4cc12d7a1b16fc3d2_b0.3/fold/76fb5d8ac07c5eb4cc12d7a1b16fc3d2_b0.3_72_1_hMIN.pdb,95,37.6,0,0.0,0.3836734693877551,2,1,2,1,2,1,0,39,0,39
76fb5d8ac07c5eb4cc12d7a1b16fc3d2_b0.3/fold/76fb5d8ac07c5eb4cc12d7a1b16fc3d2_b0.3_72_8_hMIN.pdb,95,36.2,0,0.0,0.36938775510204086,24,2,33,2,41,2,0,39,0,39
76fb5d8ac07c5eb4cc12d7a1b16fc3d2_b0.3/fold/76fb5d8ac07c5eb4cc12d7a1b16fc3d2_b0.3_96_9_hMIN.pdb,95,36.0,0,0.0,0.3673469387755102,23,4,25,4,28,4,0,39,0,39
76fb5d8ac07c5eb4cc12d7a1b16fc3d2_b0.3/fold/76fb5d8ac07c5eb4cc12d7a1b16fc3d2_b0.3_216_6_hMIN.pdb,95,35.99999999999999,0,0.0,0.3673469387755101,28,2,37,2,46,2,0,39,0,39
76fb5d8ac07c5eb4cc12d7a1b16fc3d2_b0.3/fold/76fb5d8ac07c5eb4cc12d7a1b16fc3d2_b0.3_72_10_hMIN.pdb,95,35.199999999999996,0,0.0,0.35918367346938773,1,1,1,1,1,1,0,39,0,39
76fb5d8ac07c5eb4cc12d7a1b16fc3d2_b0.3/fold/76fb5d8ac07c5eb4cc12d7a1b16fc3d2_b0.3_120_9_hMIN.pdb,95,34.4,0,0.0,0.3510204081632653,27,5,32,5,34,5,8,5,8,5
76fb5d8ac07c5eb4cc12d7a1b16fc3d2_b0.3/fold/76fb5d8ac07c5eb4cc12d7a1b16fc3d2_b0.3_72_7_hMIN.pdb,95,34.4,0,0.0,0.3510204081632653,24,2,33,2,41,2,0,39,0,39
76fb5d8ac07c5eb4cc12d7a1b16fc3d2_b0.3/fold/76fb5d8ac07c5eb4cc12d7a1b16fc3d2_b0.3_72_9_hMIN.pdb,95,34.0,3,0.0,0.3469387755102041,17,5,29,4,30,4,9,5,9,5
76fb5d8ac07c5eb4cc12d7a1b16fc3d2_b0.3/fold/76fb5d8ac07c5eb4cc12d7a1b16fc3d2_b0.3_72_6_hMIN.pdb,95,33.8,0,0.0,0.34489795918367344,17,5,29,4,30,4,9,5,9,5
76fb5d8ac07c5eb4cc12d7a1b16fc3d2_b0.3/fold/76fb5d8ac07c5eb4cc12d7a1b16fc3d2_b0.3_96_2_hMIN.pdb,95,33.199999999999996,0,0.0,0.3387755102040816,15,4,7,1,5,1,0,39,0,39
76fb5d8ac07c5eb4cc12d7a1b16fc3d2_b0.3/fold/76fb5d8ac07c5eb4cc12d7a1b16fc3d2_b0.3_192_2_hMIN.pdb,95,33.00000000000001,1,0.0,0.3367346938775511,16,12,28,7,36,4,3,10,3,10
76fb5d8ac07c5eb4cc12d7a1b16fc3d2_b0.3/fold/76fb5d8ac07c5eb4cc12d7a1b16fc3d2_b0.3_72_5_hMIN.pdb,95,31.999999999999996,0,0.0,0.32653061224489793,17,5,13,1,8,1,9,5,9,5
76fb5d8ac07c5eb4cc12d7a1b16fc3d2_b0.3/fold/76fb5d8ac07c5eb4cc12d7a1b16fc3d2_b0.3_96_4_hMIN.pdb,95,31.8,0,0.0,0.32448979591836735,15,4,20,3,24,3,0,39,0,39
76fb5d8ac07c5eb4cc12d7a1b16fc3d2_b0.3/fold/76fb5d8ac07c5eb4cc12d7a1b16fc3d2_b0.3_144_2_hMIN.pdb,95,31.799999999999997,0,0.0,0.3244897959183673,25,10,35,4,42,4,2,10,2,10
76fb5d8ac07c5eb4cc12d7a1b16fc3d2_b0.3/fold/76fb5d8ac07c5eb4cc12d7a1b16fc3d2_b0.3_264_4_hMIN.pdb,95,30.8,0,0.0,0.3142857142857143,18,29,19,19,47,2,1,20,1,20
76fb5d8ac07c5eb4cc12d7a1b16fc3d2_b0.3/fold/76fb5d8ac07c5eb4cc12d7a1b16fc3d2_b0.3_264_6_hMIN.pdb,95,30.8,0,0.0,0.3142857142857143,13,1,8,1,10,1,0,39,0,39
76fb5d8ac07c5eb4cc12d7a1b16fc3d2_b0.3/fold/76fb5d8ac07c5eb4cc12d7a1b16fc3d2_b0.3_168_9_hMIN.pdb,95,30.4,0,0.0,0.31020408163265306,25,10,23,6,38,5,2,10,2,10
76fb5d8ac07c5eb4cc12d7a1b16fc3d2_b0.3/fold/76fb5d8ac07c5eb4cc12d7a1b16fc3d2_b0.3_288_7_hMIN.pdb,95,29.8,0,0.0,0.3040816326530612,18,29,19,19,25,8,1,20,1,20
76fb5d8ac07c5eb4cc12d7a1b16fc3d2_b0.3/fold/76fb5d8ac07c5eb4cc12d7a1b16fc3d2_b0.3_168_8_hMIN.pdb,95,29.599999999999998,0,0.0,0.30204081632653057,20,9,24,2,32,2,5,8,5,8
76fb5d8ac07c5eb4cc12d7a1b16fc3d2_b0.3/fold/76fb5d8ac07c5eb4cc12d7a1b16fc3d2_b0.3_72_2_hMIN.pdb,95,29.200000000000003,0,0.0,0.2979591836734694,7,1,15,1,15,1,0,39,0,39
76fb5d8ac07c5eb4cc12d7a1b16fc3d2_b0.3/fold/76fb5d8ac07c5eb4cc12d7a1b16fc3d2_b0.3_168_3_hMIN.pdb,95,29.0,0,0.0,0.29591836734693877,25,10,23,6,38,5,2,10,2,10
76fb5d8ac07c5eb4cc12d7a1b16fc3d2_b0.3/fold/76fb5d8ac07c5eb4cc12d7a1b16fc3d2_b0.3_120_6_hMIN.pdb,95,28.2,0,0.0,0.28775510204081634,22,4,27,4,31,4,0,39,0,39
76fb5d8ac07c5eb4cc12d7a1b16fc3d2_b0.3/fold/76fb5d8ac07c5eb4cc12d7a1b16fc3d2_b0.3_168_7_hMIN.pdb,95,28.200000000000003,0,0.0,0.28775510204081634,20,9,24,2,6,1,0,39,0,39
76fb5d8ac07c5eb4cc12d7a1b16fc3d2_b0.3/fold/76fb5d8ac07c5eb4cc12d7a1b16fc3d2_b0.3_312_9_hMIN.pdb,95,28.0,0,0.0,0.2857142857142857,18,29,19,19,35,6,1,20,1,20
76fb5d8ac07c5eb4cc12d7a1b16fc3d2_b0.3/fold/76fb5d8ac07c5eb4cc12d7a1b16fc3d2_b0.3_240_7_hMIN.pdb,95,27.8,0,0.0,0.2836734693877551,16,12,38,4,43,4,3,10,3,10
76fb5d8ac07c5eb4cc12d7a1b16fc3d2_b0.3/fold/76fb5d8ac07c5eb4cc12d7a1b16fc3d2_b0.3_216_8_hMIN.pdb,95,27.2,0,0.0,0.27755102040816326,26,8,31,8,29,8,4,8,4,8
76fb5d8ac07c5eb4cc12d7a1b16fc3d2_b0.3/fold/76fb5d8ac07c5eb4cc12d7a1b16fc3d2_b0.3_240_9_hMIN.pdb,95,27.000000000000004,0,0.0,0.2755102040816327,19,8,34,5,39,5,7,7,7,7
76fb5d8ac07c5eb4cc12d7a1b16fc3d2_b0.3/fold/76fb5d8ac07c5eb4cc12d7a1b16fc3d2_b0.3_240_8_hMIN.pdb,95,26.800000000000004,0,0.0,0.2734693877551021,19,8,34,5,39,5,7,7,7,7
76fb5d8ac07c5eb4cc12d7a1b16fc3d2_b0.3/fold/76fb5d8ac07c5eb4cc12d7a1b16fc3d2_b0.3_96_6_hMIN.pdb,95,26.6,0,0.0,0.27142857142857146,15,4,20,3,24,3,0,39,0,39
76fb5d8ac07c5eb4cc12d7a1b16fc3d2_b0.3/fold/76fb5d8ac07c5eb4cc12d7a1b16fc3d2_b0.3_96_8_hMIN.pdb,95,26.599999999999998,0,0.0,0.2714285714285714,12,1,18,1,17,1,0,39,0,39
76fb5d8ac07c5eb4cc12d7a1b16fc3d2_b0.3/fold/76fb5d8ac07c5eb4cc12d7a1b16fc3d2_b0.3_288_4_hMIN.pdb,95,26.400000000000002,0,0.0,0.2693877551020408,18,29,19,19,25,8,1,20,1,20
76fb5d8ac07c5eb4cc12d7a1b16fc3d2_b0.3/fold/76fb5d8ac07c5eb4cc12d7a1b16fc3d2_b0.3_336_2_hMIN.pdb,95,26.4,0,0.0,0.2693877551020408,18,29,21,6,27,5,6,8,6,8
76fb5d8ac07c5eb4cc12d7a1b16fc3d2_b0.3/fold/76fb5d8ac07c5eb4cc12d7a1b16fc3d2_b0.3_120_3_hMIN.pdb,95,24.400000000000002,2,1.8,0.26734693877551025,22,4,27,4,31,4,0,39,0,39
76fb5d8ac07c5eb4cc12d7a1b16fc3d2_b0.3/fold/76fb5d8ac07c5eb4cc12d7a1b16fc3d2_b0.3_192_9_hMIN.pdb,95,25.600000000000005,1,0.6,0.26734693877551025,16,12,28,7,36,4,3,10,3,10
76fb5d8ac07c5eb4cc12d7a1b16fc3d2_b0.3/fold/76fb5d8ac07c5eb4cc12d7a1b16fc3d2_b0.3_264_5_hMIN.pdb,95,26.2,0,0.0,0.2673469387755102,18,29,19,19,25,8,1,20,1,20
76fb5d8ac07c5eb4cc12d7a1b16fc3d2_b0.3/fold/76fb5d8ac07c5eb4cc12d7a1b16fc3d2_b0.3_96_5_hMIN.pdb,95,26.2,0,0.0,0.2673469387755102,23,4,25,4,28,4,0,39,0,39
76fb5d8ac07c5eb4cc12d7a1b16fc3d2_b0.3/fold/76fb5d8ac07c5eb4cc12d7a1b16fc3d2_b0.3_144_9_hMIN.pdb,95,26.0,0,0.0,0.2653061224489796,20,9,30,7,37,6,5,8,5,8
76fb5d8ac07c5eb4cc12d7a1b16fc3d2_b0.3/fold/76fb5d8ac07c5eb4cc12d7a1b16fc3d2_b0.3_144_5_hMIN.pdb,95,26.0,0,0.0,0.2653061224489796,25,10,35,4,42,4,2,10,2,10
76fb5d8ac07c5eb4cc12d7a1b16fc3d2_b0.3/fold/76fb5d8ac07c5eb4cc12d7a1b16fc3d2_b0.3_120_4_hMIN.pdb,95,25.6,0,0.0,0.2612244897959184,22,4,27,4,31,4,0,39,0,39
76fb5d8ac07c5eb4cc12d7a1b16fc3d2_b0.3/fold/76fb5d8ac07c5eb4cc12d7a1b16fc3d2_b0.3_336_10_hMIN.pdb,95,25.400000000000002,0,0.0,0.25918367346938775,18,29,21,6,27,5,6,8,6,8
76fb5d8ac07c5eb4cc12d7a1b16fc3d2_b0.3/fold/76fb5d8ac07c5eb4cc12d7a1b16fc3d2_b0.3_312_4_hMIN.pdb,95,25.400000000000002,0,0.0,0.25918367346938775,18,29,12,1,18,1,6,8,6,8
76fb5d8ac07c5eb4cc12d7a1b16fc3d2_b0.3/fold/76fb5d8ac07c5eb4cc12d7a1b16fc3d2_b0.3_168_2_hMIN.pdb,95,25.000000000000004,0,0.0,0.2551020408163266,25,10,23,6,38,5,2,10,2,10
76fb5d8ac07c5eb4cc12d7a1b16fc3d2_b0.3/fold/76fb5d8ac07c5eb4cc12d7a1b16fc3d2_b0.3_168_4_hMIN.pdb,95,25.0,0,0.0,0.25510204081632654,25,10,23,6,38,5,2,10,2,10
76fb5d8ac07c5eb4cc12d7a1b16fc3d2_b0.3/fold/76fb5d8ac07c5eb4cc12d7a1b16fc3d2_b0.3_216_9_hMIN.pdb,95,25.0,0,0.0,0.25510204081632654,26,8,31,8,29,8,4,8,4,8
76fb5d8ac07c5eb4cc12d7a1b16fc3d2_b0.3/fold/76fb5d8ac07c5eb4cc12d7a1b16fc3d2_b0.3_144_3_hMIN.pdb,95,25.0,0,0.0,0.25510204081632654,20,9,30,7,37,6,5,8,5,8
76fb5d8ac07c5eb4cc12d7a1b16fc3d2_b0.3/fold/76fb5d8ac07c5eb4cc12d7a1b16fc3d2_b0.3_144_6_hMIN.pdb,95,24.8,0,0.0,0.2530612244897959,20,9,30,7,37,6,5,8,5,8
76fb5d8ac07c5eb4cc12d7a1b16fc3d2_b0.3/fold/76fb5d8ac07c5eb4cc12d7a1b16fc3d2_b0.3_192_8_hMIN.pdb,95,24.8,0,0.0,0.2530612244897959,19,8,36,3,45,3,7,7,7,7
76fb5d8ac07c5eb4cc12d7a1b16fc3d2_b0.3/fold/76fb5d8ac07c5eb4cc12d7a1b16fc3d2_b0.3_120_2_hMIN.pdb,95,24.4,1,0.0,0.24897959183673468,27,5,32,5,34,5,8,5,8,5
76fb5d8ac07c5eb4cc12d7a1b16fc3d2_b0.3/fold/76fb5d8ac07c5eb4cc12d7a1b16fc3d2_b0.3_168_1_hMIN.pdb,95,24.4,0,0.0,0.24897959183673468,20,9,30,7,32,2,5,8,5,8
76fb5d8ac07c5eb4cc12d7a1b16fc3d2_b0.3/fold/76fb5d8ac07c5eb4cc12d7a1b16fc3d2_b0.3_144_4_hMIN.pdb,95,24.000000000000004,0,0.0,0.24489795918367352,25,10,35,4,42,4,2,10,2,10
76fb5d8ac07c5eb4cc12d7a1b16fc3d2_b0.3/fold/76fb5d8ac07c5eb4cc12d7a1b16fc3d2_b0.3_216_7_hMIN.pdb,95,24.0,0,0.0,0.24489795918367346,26,8,31,8,29,8,4,8,4,8
76fb5d8ac07c5eb4cc12d7a1b16fc3d2_b0.3/fold/76fb5d8ac07c5eb4cc12d7a1b16fc3d2_b0.3_168_10_hMIN.pdb,95,24.0,1,0.0,0.24489795918367346,25,10,23,6,14,1,2,10,2,10
76fb5d8ac07c5eb4cc12d7a1b16fc3d2_b0.3/fold/76fb5d8ac07c5eb4cc12d7a1b16fc3d2_b0.3_240_3_hMIN.pdb,95,24.0,0,0.0,0.24489795918367346,19,8,34,5,39,5,7,7,7,7
76fb5d8ac07c5eb4cc12d7a1b16fc3d2_b0.3/fold/76fb5d8ac07c5eb4cc12d7a1b16fc3d2_b0.3_264_1_hMIN.pdb,95,23.400000000000002,0,0.0,0.23877551020408166,10,1,16,1,21,1,0,39,0,39
76fb5d8ac07c5eb4cc12d7a1b16fc3d2_b0.3/fold/76fb5d8ac07c5eb4cc12d7a1b16fc3d2_b0.3_336_3_hMIN.pdb,95,23.400000000000002,0,0.0,0.23877551020408166,18,29,26,3,33,2,6,8,6,8
76fb5d8ac07c5eb4cc12d7a1b16fc3d2_b0.3/fold/76fb5d8ac07c5eb4cc12d7a1b16fc3d2_b0.3_264_7_hMIN.pdb,95,23.2,0,0.0,0.236734693877551,18,29,19,19,25,8,1,20,1,20
76fb5d8ac07c5eb4cc12d7a1b16fc3d2_b0.3/fold/76fb5d8ac07c5eb4cc12d7a1b16fc3d2_b0.3_96_7_hMIN.pdb,95,23.000000000000004,0,0.0,0.23469387755102045,8,1,6,1,4,1,0,39,0,39
76fb5d8ac07c5eb4cc12d7a1b16fc3d2_b0.3/fold/76fb5d8ac07c5eb4cc12d7a1b16fc3d2_b0.3_192_5_hMIN.pdb,95,23.0,0,0.0,0.23469387755102042,16,12,28,7,36,4,3,10,3,10
76fb5d8ac07c5eb4cc12d7a1b16fc3d2_b0.3/fold/76fb5d8ac07c5eb4cc12d7a1b16fc3d2_b0.3_120_8_hMIN.pdb,95,22.799999999999997,0,0.0,0.23265306122448975,3,1,3,1,3,1,0,39,0,39
76fb5d8ac07c5eb4cc12d7a1b16fc3d2_b0.3/fold/76fb5d8ac07c5eb4cc12d7a1b16fc3d2_b0.3_192_4_hMIN.pdb,95,22.400000000000002,0,0.0,0.2285714285714286,19,8,36,3,45,3,0,39,0,39
76fb5d8ac07c5eb4cc12d7a1b16fc3d2_b0.3/fold/76fb5d8ac07c5eb4cc12d7a1b16fc3d2_b0.3_192_7_hMIN.pdb,95,22.200000000000003,2,0.0,0.22653061224489798,19,8,36,3,45,3,7,7,7,7
76fb5d8ac07c5eb4cc12d7a1b16fc3d2_b0.3/fold/76fb5d8ac07c5eb4cc12d7a1b16fc3d2_b0.3_192_3_hMIN.pdb,95,22.0,2,0.0,0.22448979591836735,16,12,28,7,44,3,3,10,3,10
76fb5d8ac07c5eb4cc12d7a1b16fc3d2_b0.3/fold/76fb5d8ac07c5eb4cc12d7a1b16fc3d2_b0.3_216_2_hMIN.pdb,95,22.0,0,0.0,0.22448979591836735,26,8,31,8,29,8,4,8,4,8
76fb5d8ac07c5eb4cc12d7a1b16fc3d2_b0.3/fold/76fb5d8ac07c5eb4cc12d7a1b16fc3d2_b0.3_288_2_hMIN.pdb,95,21.800000000000004,0,0.0,0.22244897959183677,18,29,19,19,25,8,1,20,1,20
76fb5d8ac07c5eb4cc12d7a1b16fc3d2_b0.3/fold/76fb5d8ac07c5eb4cc12d7a1b16fc3d2_b0.3_264_10_hMIN.pdb,95,21.8,0,0.0,0.22244897959183674,18,29,19,19,22,1,1,20,1,20
76fb5d8ac07c5eb4cc12d7a1b16fc3d2_b0.3/fold/76fb5d8ac07c5eb4cc12d7a1b16fc3d2_b0.3_264_2_hMIN.pdb,95,21.600000000000005,0,0.0,0.22040816326530618,18,29,19,19,40,3,1,20,1,20
76fb5d8ac07c5eb4cc12d7a1b16fc3d2_b0.3/fold/76fb5d8ac07c5eb4cc12d7a1b16fc3d2_b0.3_120_5_hMIN.pdb,95,21.599999999999998,0,0.0,0.2204081632653061,22,4,27,4,31,4,0,39,0,39
76fb5d8ac07c5eb4cc12d7a1b16fc3d2_b0.3/fold/76fb5d8ac07c5eb4cc12d7a1b16fc3d2_b0.3_336_8_hMIN.pdb,95,21.400000000000002,0,0.0,0.21836734693877552,18,29,26,3,33,2,6,8,6,8
76fb5d8ac07c5eb4cc12d7a1b16fc3d2_b0.3/fold/76fb5d8ac07c5eb4cc12d7a1b16fc3d2_b0.3_264_3_hMIN.pdb,95,21.400000000000002,0,0.0,0.21836734693877552,18,29,19,19,47,2,1,20,1,20
76fb5d8ac07c5eb4cc12d7a1b16fc3d2_b0.3/fold/76fb5d8ac07c5eb4cc12d7a1b16fc3d2_b0.3_144_7_hMIN.pdb,95,21.4,0,0.0,0.2183673469387755,20,9,30,7,37,6,5,8,5,8
76fb5d8ac07c5eb4cc12d7a1b16fc3d2_b0.3/fold/76fb5d8ac07c5eb4cc12d7a1b16fc3d2_b0.3_144_8_hMIN.pdb,95,21.4,0,0.0,0.2183673469387755,20,9,30,7,37,6,5,8,5,8
76fb5d8ac07c5eb4cc12d7a1b16fc3d2_b0.3/fold/76fb5d8ac07c5eb4cc12d7a1b16fc3d2_b0.3_288_6_hMIN.pdb,95,21.200000000000003,0,0.0,0.21632653061224494,18,29,19,19,25,8,1,20,1,20
76fb5d8ac07c5eb4cc12d7a1b16fc3d2_b0.3/fold/76fb5d8ac07c5eb4cc12d7a1b16fc3d2_b0.3_312_2_hMIN.pdb,95,21.2,0,0.0,0.21632653061224488,18,29,19,19,35,6,1,20,1,20
76fb5d8ac07c5eb4cc12d7a1b16fc3d2_b0.3/fold/76fb5d8ac07c5eb4cc12d7a1b16fc3d2_b0.3_288_5_hMIN.pdb,95,21.2,0,0.0,0.21632653061224488,18,29,19,19,25,8,1,20,1,20
76fb5d8ac07c5eb4cc12d7a1b16fc3d2_b0.3/fold/76fb5d8ac07c5eb4cc12d7a1b16fc3d2_b0.3_168_5_hMIN.pdb,95,21.000000000000004,0,0.0,0.21428571428571433,14,1,9,1,16,1,0,39,0,39
76fb5d8ac07c5eb4cc12d7a1b16fc3d2_b0.3/fold/76fb5d8ac07c5eb4cc12d7a1b16fc3d2_b0.3_240_4_hMIN.pdb,95,21.000000000000004,0,0.0,0.21428571428571433,16,12,38,4,43,4,3,10,3,10
76fb5d8ac07c5eb4cc12d7a1b16fc3d2_b0.3/fold/76fb5d8ac07c5eb4cc12d7a1b16fc3d2_b0.3_192_10_hMIN.pdb,95,20.999999999999996,1,0.0,0.21428571428571425,16,12,28,7,44,3,3,10,3,10
76fb5d8ac07c5eb4cc12d7a1b16fc3d2_b0.3/fold/76fb5d8ac07c5eb4cc12d7a1b16fc3d2_b0.3_120_10_hMIN.pdb,95,20.800000000000004,0,0.0,0.21224489795918372,27,5,32,5,34,5,8,5,8,5
76fb5d8ac07c5eb4cc12d7a1b16fc3d2_b0.3/fold/76fb5d8ac07c5eb4cc12d7a1b16fc3d2_b0.3_336_5_hMIN.pdb,95,20.6,0,0.0,0.21020408163265308,18,29,21,6,27,5,6,8,6,8
76fb5d8ac07c5eb4cc12d7a1b16fc3d2_b0.3/fold/76fb5d8ac07c5eb4cc12d7a1b16fc3d2_b0.3_312_7_hMIN.pdb,95,20.599999999999998,0,0.0,0.21020408163265303,18,29,19,19,35,6,1,20,1,20
76fb5d8ac07c5eb4cc12d7a1b16fc3d2_b0.3/fold/76fb5d8ac07c5eb4cc12d7a1b16fc3d2_b0.3_96_1_hMIN.pdb,95,20.599999999999998,0,0.0,0.21020408163265303,23,4,25,4,28,4,0,39,0,39
76fb5d8ac07c5eb4cc12d7a1b16fc3d2_b0.3/fold/76fb5d8ac07c5eb4cc12d7a1b16fc3d2_b0.3_240_6_hMIN.pdb,95,20.400000000000002,0,0.0,0.20816326530612247,16,12,38,4,43,4,3,10,3,10
76fb5d8ac07c5eb4cc12d7a1b16fc3d2_b0.3/fold/76fb5d8ac07c5eb4cc12d7a1b16fc3d2_b0.3_312_8_hMIN.pdb,95,20.200000000000003,0,0.0,0.20612244897959187,18,29,19,19,35,6,1,20,1,20
76fb5d8ac07c5eb4cc12d7a1b16fc3d2_b0.3/fold/76fb5d8ac07c5eb4cc12d7a1b16fc3d2_b0.3_264_8_hMIN.pdb,95,20.200000000000003,0,0.0,0.20612244897959187,18,29,19,19,40,3,1,20,1,20
76fb5d8ac07c5eb4cc12d7a1b16fc3d2_b0.3/fold/76fb5d8ac07c5eb4cc12d7a1b16fc3d2_b0.3_240_10_hMIN.pdb,95,18.2,3,1.8,0.20408163265306123,19,8,34,5,39,5,7,7,7,7
76fb5d8ac07c5eb4cc12d7a1b16fc3d2_b0.3/fold/76fb5d8ac07c5eb4cc12d7a1b16fc3d2_b0.3_240_5_hMIN.pdb,95,20.0,1,0.0,0.20408163265306123,16,12,38,4,43,4,0,39,0,39
76fb5d8ac07c5eb4cc12d7a1b16fc3d2_b0.3/fold/76fb5d8ac07c5eb4cc12d7a1b16fc3d2_b0.3_336_4_hMIN.pdb,95,20.0,0,0.0,0.20408163265306123,5,1,5,1,7,1,0,39,0,39
76fb5d8ac07c5eb4cc12d7a1b16fc3d2_b0.3/fold/76fb5d8ac07c5eb4cc12d7a1b16fc3d2_b0.3_216_5_hMIN.pdb,95,18.4,2,1.6,0.20408163265306123,26,8,31,8,29,8,4,8,4,8
76fb5d8ac07c5eb4cc12d7a1b16fc3d2_b0.3/fold/76fb5d8ac07c5eb4cc12d7a1b16fc3d2_b0.3_216_3_hMIN.pdb,95,19.799999999999997,0,0.0,0.2020408163265306,26,8,31,8,29,8,4,8,4,8
76fb5d8ac07c5eb4cc12d7a1b16fc3d2_b0.3/fold/76fb5d8ac07c5eb4cc12d7a1b16fc3d2_b0.3_144_1_hMIN.pdb,95,19.6,0,0.0,0.2,20,9,30,7,37,6,5,8,5,8
76fb5d8ac07c5eb4cc12d7a1b16fc3d2_b0.3/fold/76fb5d8ac07c5eb4cc12d7a1b16fc3d2_b0.3_120_7_hMIN.pdb,95,19.2,0,0.0,0.19591836734693877,27,5,32,5,34,5,8,5,8,5
76fb5d8ac07c5eb4cc12d7a1b16fc3d2_b0.3/fold/76fb5d8ac07c5eb4cc12d7a1b16fc3d2_b0.3_96_3_hMIN.pdb,95,19.2,0,0.0,0.19591836734693877,23,4,25,4,28,4,0,39,0,39
76fb5d8ac07c5eb4cc12d7a1b16fc3d2_b0.3/fold/76fb5d8ac07c5eb4cc12d7a1b16fc3d2_b0.3_288_8_hMIN.pdb,95,19.000000000000004,0,0.0,0.1938775510204082,21,4,22,4,26,3,0,39,0,39
76fb5d8ac07c5eb4cc12d7a1b16fc3d2_b0.3/fold/76fb5d8ac07c5eb4cc12d7a1b16fc3d2_b0.3_168_6_hMIN.pdb,95,18.8,0,0.0,0.19183673469387755,25,10,23,6,38,5,2,10,2,10
76fb5d8ac07c5eb4cc12d7a1b16fc3d2_b0.3/fold/76fb5d8ac07c5eb4cc12d7a1b16fc3d2_b0.3_288_9_hMIN.pdb,95,18.400000000000002,0,0.0,0.18775510204081636,18,29,19,19,25,8,1,20,1,20
76fb5d8ac07c5eb4cc12d7a1b16fc3d2_b0.3/fold/76fb5d8ac07c5eb4cc12d7a1b16fc3d2_b0.3_216_4_hMIN.pdb,95,18.400000000000002,3,0.0,0.18775510204081636,28,2,37,2,46,2,0,39,0,39
76fb5d8ac07c5eb4cc12d7a1b16fc3d2_b0.3/fold/76fb5d8ac07c5eb4cc12d7a1b16fc3d2_b0.3_312_5_hMIN.pdb,95,18.0,0,0.0,0.1836734693877551,18,29,26,3,35,6,1,20,1,20
76fb5d8ac07c5eb4cc12d7a1b16fc3d2_b0.3/fold/76fb5d8ac07c5eb4cc12d7a1b16fc3d2_b0.3_264_9_hMIN.pdb,95,17.6,0,0.0,0.1795918367346939,18,29,19,19,40,3,1,20,1,20
76fb5d8ac07c5eb4cc12d7a1b16fc3d2_b0.3/fold/76fb5d8ac07c5eb4cc12d7a1b16fc3d2_b0.3_192_6_hMIN.pdb,95,15.200000000000001,3,2.2,0.17755102040816328,16,12,28,7,44,3,3,10,3,10
76fb5d8ac07c5eb4cc12d7a1b16fc3d2_b0.3/fold/76fb5d8ac07c5eb4cc12d7a1b16fc3d2_b0.3_240_2_hMIN.pdb,95,17.4,0,0.0,0.17755102040816326,19,8,34,5,39,5,7,7,7,7
76fb5d8ac07c5eb4cc12d7a1b16fc3d2_b0.3/fold/76fb5d8ac07c5eb4cc12d7a1b16fc3d2_b0.3_144_10_hMIN.pdb,95,17.4,2,0.0,0.17755102040816326,25,10,35,4,42,4,2,10,2,10
76fb5d8ac07c5eb4cc12d7a1b16fc3d2_b0.3/fold/76fb5d8ac07c5eb4cc12d7a1b16fc3d2_b0.3_336_6_hMIN.pdb,95,17.200000000000003,0,0.0,0.17551020408163268,18,29,21,6,19,1,0,39,0,39
76fb5d8ac07c5eb4cc12d7a1b16fc3d2_b0.3/fold/76fb5d8ac07c5eb4cc12d7a1b16fc3d2_b0.3_216_1_hMIN.pdb,95,17.0,0,0.0,0.17346938775510204,26,8,31,8,29,8,4,8,4,8
76fb5d8ac07c5eb4cc12d7a1b16fc3d2_b0.3/fold/76fb5d8ac07c5eb4cc12d7a1b16fc3d2_b0.3_120_1_hMIN.pdb,95,16.4,0,0.0,0.16734693877551018,27,5,32,5,34,5,8,5,8,5
76fb5d8ac07c5eb4cc12d7a1b16fc3d2_b0.3/fold/76fb5d8ac07c5eb4cc12d7a1b16fc3d2_b0.3_288_10_hMIN.pdb,95,16.2,0,0.0,0.16530612244897958,21,4,22,4,26,3,0,39,0,39
76fb5d8ac07c5eb4cc12d7a1b16fc3d2_b0.3/fold/76fb5d8ac07c5eb4cc12d7a1b16fc3d2_b0.3_216_10_hMIN.pdb,95,16.0,0,0.0,0.16326530612244897,26,8,31,8,29,8,4,8,4,8
76fb5d8ac07c5eb4cc12d7a1b16fc3d2_b0.3/fold/76fb5d8ac07c5eb4cc12d7a1b16fc3d2_b0.3_312_10_hMIN.pdb,95,15.8,0,0.0,0.16122448979591839,18,29,19,19,35,6,1,20,1,20
76fb5d8ac07c5eb4cc12d7a1b16fc3d2_b0.3/fold/76fb5d8ac07c5eb4cc12d7a1b16fc3d2_b0.3_288_3_hMIN.pdb,95,15.599999999999998,0,0.0,0.15918367346938772,21,4,22,4,26,3,0,39,0,39
76fb5d8ac07c5eb4cc12d7a1b16fc3d2_b0.3/fold/76fb5d8ac07c5eb4cc12d7a1b16fc3d2_b0.3_312_6_hMIN.pdb,95,15.399999999999999,0,0.0,0.15714285714285714,4,1,4,1,9,1,0,39,0,39
76fb5d8ac07c5eb4cc12d7a1b16fc3d2_b0.3/fold/76fb5d8ac07c5eb4cc12d7a1b16fc3d2_b0.3_336_9_hMIN.pdb,95,14.8,0,0.0,0.1510204081632653,18,29,21,6,27,5,6,8,6,8
76fb5d8ac07c5eb4cc12d7a1b16fc3d2_b0.3/fold/76fb5d8ac07c5eb4cc12d7a1b16fc3d2_b0.3_192_1_hMIN.pdb,95,14.8,0,0.0,0.1510204081632653,16,12,28,7,36,4,3,10,3,10
76fb5d8ac07c5eb4cc12d7a1b16fc3d2_b0.3/fold/76fb5d8ac07c5eb4cc12d7a1b16fc3d2_b0.3_288_1_hMIN.pdb,95,14.6,0,0.0,0.1489795918367347,11,1,17,1,20,1,0,39,0,39
76fb5d8ac07c5eb4cc12d7a1b16fc3d2_b0.3/fold/76fb5d8ac07c5eb4cc12d7a1b16fc3d2_b0.3_240_1_hMIN.pdb,95,13.2,0,0.0,0.1346938775510204,16,12,14,1,11,1,0,39,0,39
76fb5d8ac07c5eb4cc12d7a1b16fc3d2_b0.3/fold/76fb5d8ac07c5eb4cc12d7a1b16fc3d2_b0.3_312_3_hMIN.pdb,95,10.999999999999998,0,0.0,0.11224489795918366,21,4,22,4,23,1,0,39,0,39
76fb5d8ac07c5eb4cc12d7a1b16fc3d2_b0.3/fold/76fb5d8ac07c5eb4cc12d7a1b16fc3d2_b0.3_336_7_hMIN.pdb,95,10.8,0,0.0,0.11020408163265306,18,29,21,6,27,5,6,8,6,8
76fb5d8ac07c5eb4cc12d7a1b16fc3d2_b0.3/fold/76fb5d8ac07c5eb4cc12d7a1b16fc3d2_b0.3_312_1_hMIN.pdb,95,10.200000000000001,0,0.0,0.10408163265306124,9,1,10,1,13,1,0,39,0,39
76fb5d8ac07c5eb4cc12d7a1b16fc3d2_b0.3/fold/76fb5d8ac07c5eb4cc12d7a1b16fc3d2_b0.3_336_1_hMIN.pdb,95,6.6,0,0.0,0.0673469387755102,6,1,11,1,12,1,0,39,0,39
