A_i,sec_struct_3state,sec_struct_conf,i,in_model
G,C,9,1,False
R,C,8,2,True
A,C,6,3,True
S,C,5,4,True
R,C,4,5,True
Q,E,0,6,True
L,E,5,7,True
V,E,3,8,True
L,H,0,9,True
V,H,3,10,True
V,H,5,11,True
V,H,7,12,True
F,H,9,13,True
V,H,9,14,True
A,H,9,15,True
L,H,9,16,True
L,H,9,17,True
L,H,8,18,True
D,H,7,19,True
N,H,5,20,True
M,H,4,21,True
L,H,2,22,True
F,C,0,23,True
T,C,4,24,True
V,C,6,25,True
V,C,6,26,True
V,C,6,27,True
P,C,7,28,True
I,C,6,29,True
V,C,2,30,True
P,H,0,31,True
T,H,6,32,True
F,H,6,33,True
L,H,4,34,True
Y,H,4,35,True
D,H,0,36,True
M,C,2,37,True
E,C,3,38,True
F,C,6,39,True
K,C,8,40,True
E,C,7,41,True
V,C,7,42,True
N,C,6,43,True
S,C,4,44,True
S,C,3,45,True
L,C,3,46,True
H,C,2,47,True
L,C,3,48,True
G,C,6,49,True
H,C,8,50,True
A,C,9,51,True
G,C,9,52,True
S,C,9,53,True
S,C,9,54,True
P,C,8,55,True
H,C,7,56,True
A,C,5,57,True
L,C,5,58,True
A,C,7,59,True
S,C,8,60,True
P,C,9,61,True
A,C,8,62,True
F,C,6,63,True
S,C,5,64,True
T,C,3,65,True
I,C,1,66,True
F,C,0,67,True
S,C,2,68,True
F,C,4,69,True
F,C,5,70,True
N,C,6,71,True
N,C,8,72,True
N,C,6,73,True
T,C,2,74,True
V,C,1,75,True
A,C,1,76,True
V,C,1,77,True
E,C,3,78,True
E,C,4,79,True
S,C,5,80,True
V,C,7,81,True
P,C,7,82,True
S,C,6,83,True
G,C,6,84,True
I,C,4,85,True
A,C,1,86,True
W,C,1,87,True
M,C,3,88,True
N,C,5,89,True
D,C,7,90,True
T,C,6,91,True
A,C,6,92,True
S,C,5,93,True
T,C,7,94,True
I,C,8,95,True
P,C,9,96,True
P,C,9,97,True
P,C,9,98,True
A,C,6,99,True
T,C,3,100,True
E,C,1,101,True
A,C,0,102,True
I,C,1,103,True
S,C,1,104,True
A,C,2,105,True
H,C,3,106,True
K,C,4,107,True
N,C,5,108,True
N,C,6,109,True
C,C,7,110,True
L,C,6,111,True
Q,C,6,112,True
G,C,7,113,True
T,C,7,114,True
G,C,5,115,True
F,C,3,116,True
L,C,2,117,True
E,C,1,118,True
E,C,0,119,True
E,H,2,120,True
I,H,4,121,True
T,H,6,122,True
R,H,9,123,True
V,H,9,124,True
G,H,9,125,True
V,H,9,126,True
L,H,9,127,True
F,H,9,128,True
A,H,9,129,True
S,H,9,130,True
K,H,9,131,True
A,H,9,132,True
V,H,9,133,True
M,H,9,134,True
Q,H,9,135,True
L,H,9,136,True
L,H,7,137,True
V,H,4,138,True
N,H,0,139,True
P,C,2,140,True
F,C,2,141,True
V,C,3,142,True
G,C,2,143,True
P,C,1,144,True
L,C,0,145,True
T,C,0,146,True
N,C,0,147,True
R,C,0,148,True
I,C,0,149,True
G,C,3,150,True
Y,C,2,151,True
H,H,3,152,True
I,H,7,153,True
P,H,8,154,True
M,H,9,155,True
F,H,9,156,True
A,H,9,157,True
G,H,9,158,True
F,H,9,159,True
V,H,9,160,True
I,H,9,161,True
M,H,9,162,True
F,H,9,163,True
L,H,9,164,True
S,H,8,165,True
T,H,6,166,True
V,H,1,167,True
S,C,0,168,True
L,C,3,169,True
G,C,1,170,True
M,E,3,171,True
L,E,6,172,True
A,E,6,173,True
S,E,0,174,True
V,E,0,175,True
Y,C,3,176,True
T,C,7,177,True
D,C,9,178,True
D,H,1,179,True
H,H,4,180,True
E,H,6,181,True
R,H,7,182,True
G,H,7,183,True
R,H,6,184,True
A,H,7,185,True
M,H,6,186,True
G,H,6,187,True
T,H,7,188,True
A,H,7,189,True
L,H,8,190,True
G,H,8,191,True
G,H,9,192,True
L,H,6,193,True
A,H,4,194,True
L,H,2,195,True
G,H,1,196,True
L,H,1,197,True
L,H,1,198,True
V,H,0,199,True
G,C,3,200,True
A,C,3,201,True
P,C,3,202,True
F,C,2,203,True
G,C,1,204,True
S,C,1,205,True
V,C,0,206,True
M,C,0,207,True
Y,C,0,208,True
E,C,0,209,True
F,C,1,210,True
V,C,4,211,True
G,C,8,212,True
K,C,7,213,True
S,C,4,214,True
A,C,2,215,True
P,H,4,216,True
F,H,9,217,True
L,H,9,218,True
I,H,9,219,True
L,H,9,220,True
A,H,9,221,True
F,H,9,222,True
L,H,9,223,True
A,H,9,224,True
L,H,9,225,True
L,H,9,226,True
D,H,9,227,True
G,H,9,228,True
A,H,8,229,True
L,H,8,230,True
Q,H,7,231,True
L,H,5,232,True
C,H,3,233,True
I,C,0,234,True
L,C,1,235,True
Q,C,6,236,True
P,C,8,237,True
S,C,8,238,True
K,C,9,239,False
V,C,9,240,False
